event,store_id,campaign_id,product_code,base_price,promo_type,quantity_sold(before_promo),quantity_sold(after_promo),event _id
7f650b,STCBE-2,CAMP_SAN_01,P11,190,50% OFF,34,52,7f650b
a21f91,STBLR-8,CAMP_DIW_01,P03,156,25% OFF,393,322,a21f91
78bc80,STVJD-0,CAMP_SAN_01,P07,300,BOGOF,22,85,78bc80
a1503f,STCBE-1,CAMP_DIW_01,P15,3000,500 Cashback,329,1000,a1503f
1091cf,STBLR-6,CAMP_DIW_01,P05,55,25% OFF,108,93,1091cf
8.02E+96,STBLR-4,CAMP_DIW_01,P11,190,50% OFF,91,116,8.02E+96
73d86f,STVSK-2,CAMP_SAN_01,P10,50,25% OFF,31,26,73d86f
fe3560,STHYD-4,CAMP_DIW_01,P13,350,BOGOF,73,245,fe3560
6b2afc,STCBE-4,CAMP_SAN_01,P08,1190,BOGOF,30,79,6b2afc
ce5851,STMDU-2,CAMP_SAN_01,P03,200,BOGOF,318,1265,ce5851
dd6685,STMYS-2,CAMP_DIW_01,P06,415,25% OFF,78,70,dd6685
8f25a6,STHYD-6,CAMP_SAN_01,P15,3000,500 Cashback,126,302,8f25a6
5c3c33,STCHE-6,CAMP_DIW_01,P12,62,50% OFF,154,207,5c3c33
d290a1,STBLR-3,CAMP_DIW_01,P04,290,25% OFF,343,270,d290a1
635862,STVSK-4,CAMP_SAN_01,P02,860,33% OFF,348,480,635862
c0ecb5,STCHE-2,CAMP_SAN_01,P07,300,BOGOF,43,167,c0ecb5
182caa,STCHE-5,CAMP_SAN_01,P06,415,25% OFF,39,33,182caa
c4db5b,STTRV-0,CAMP_DIW_01,P01,172,33% OFF,164,236,c4db5b
94f48c,STVSK-1,CAMP_SAN_01,P06,415,25% OFF,22,16,94f48c
7ef92f,STHYD-5,CAMP_SAN_01,P07,300,BOGOF,55,213,7ef92f
0f422c,STBLR-0,CAMP_DIW_01,P14,1020,BOGOF,42,168,0f422c
1e9a06,STCHE-4,CAMP_DIW_01,P13,350,BOGOF,84,338,1e9a06
02ebe9,STBLR-8,CAMP_DIW_01,P11,190,50% OFF,66,88,02ebe9
260ff2,STMYS-2,CAMP_SAN_01,P01,172,33% OFF,204,291,260ff2
7fc923,STTRV-0,CAMP_SAN_01,P08,1190,BOGOF,19,74,7fc923
b08c12,STMDU-3,CAMP_DIW_01,P03,156,25% OFF,227,202,b08c12
ca7298,STCBE-2,CAMP_SAN_01,P15,3000,500 Cashback,85,228,ca7298
bf33ae,STMYS-0,CAMP_DIW_01,P14,1020,BOGOF,59,182,bf33ae
35fb5b,STCBE-2,CAMP_DIW_01,P13,350,BOGOF,50,190,35fb5b
def6ff,STMDU-0,CAMP_DIW_01,P11,190,50% OFF,70,89,def6ff
2f3e5d,STCHE-2,CAMP_SAN_01,P01,172,33% OFF,333,402,2f3e5d
ca3893,STMYS-1,CAMP_SAN_01,P09,90,25% OFF,52,39,ca3893
922e6a,STBLR-8,CAMP_SAN_01,P05,55,25% OFF,34,24,922e6a
4f0587,STMDU-0,CAMP_SAN_01,P08,1190,BOGOF,33,136,4f0587
fa5b45,STVJD-1,CAMP_SAN_01,P08,1190,BOGOF,27,109,fa5b45
df45ee,STHYD-3,CAMP_DIW_01,P01,172,33% OFF,309,534,df45ee
f3ac85,STBLR-5,CAMP_SAN_01,P03,200,BOGOF,348,1350,f3ac85
292ca5,STHYD-2,CAMP_DIW_01,P04,290,25% OFF,287,220,292ca5
620715,STMYS-3,CAMP_SAN_01,P03,200,BOGOF,340,1485,620715
7e9777,STVJD-1,CAMP_DIW_01,P08,1190,BOGOF,24,82,7e9777
761785,STBLR-4,CAMP_SAN_01,P14,1020,BOGOF,121,474,761785
eb3bea,STVSK-2,CAMP_SAN_01,P15,3000,500 Cashback,109,238,eb3bea
276150,STCBE-3,CAMP_SAN_01,P07,300,BOGOF,33,128,276150
3beb46,STMYS-2,CAMP_SAN_01,P13,350,BOGOF,81,208,3beb46
47af00,STVJD-1,CAMP_DIW_01,P03,156,25% OFF,183,150,47af00
627200,STCBE-4,CAMP_DIW_01,P14,1020,BOGOF,36,111,627200
bc8315,STHYD-1,CAMP_DIW_01,P12,62,50% OFF,122,135,bc8315
1f083a,STVJD-0,CAMP_SAN_01,P06,415,25% OFF,16,14,1f083a
c1e0b6,STCHE-6,CAMP_SAN_01,P01,172,33% OFF,273,379,c1e0b6
f60d93,STCBE-0,CAMP_DIW_01,P05,55,25% OFF,78,75,f60d93
a10402,STVSK-2,CAMP_SAN_01,P02,860,33% OFF,295,436,a10402
741bef,STMYS-0,CAMP_SAN_01,P13,350,BOGOF,114,287,741bef
105788,STCHE-0,CAMP_SAN_01,P07,300,BOGOF,58,232,105788
a85a9a,STHYD-2,CAMP_SAN_01,P10,50,25% OFF,42,31,a85a9a
4.47E+06,STVJD-0,CAMP_SAN_01,P04,370,BOGOF,253,1017,4470000
830e9a,STCHE-1,CAMP_DIW_01,P01,172,33% OFF,325,396,830e9a
29524a,STBLR-9,CAMP_SAN_01,P10,50,25% OFF,40,36,29524a
3ce076,STMLR-1,CAMP_DIW_01,P11,190,50% OFF,38,50,3ce076
32fa85,STCHE-3,CAMP_DIW_01,P05,55,25% OFF,106,92,32fa85
42f304,STCBE-3,CAMP_DIW_01,P06,415,25% OFF,66,57,42f304
a929ed,STHYD-5,CAMP_DIW_01,P03,156,25% OFF,358,347,a929ed
6dae49,STBLR-1,CAMP_DIW_01,P05,55,25% OFF,117,114,6dae49
3b54c7,STHYD-3,CAMP_DIW_01,P04,290,25% OFF,367,297,3b54c7
7d6e2a,STMLR-0,CAMP_DIW_01,P03,156,25% OFF,166,146,7d6e2a
c8ce63,STMDU-0,CAMP_DIW_01,P15,3000,500 Cashback,369,1221,c8ce63
bd1314,STMYS-2,CAMP_SAN_01,P05,55,25% OFF,37,30,bd1314
7634c0,STMLR-0,CAMP_SAN_01,P10,50,25% OFF,15,12,7634c0
d304f9,STCHE-5,CAMP_DIW_01,P04,290,25% OFF,309,268,d304f9
34ac29,STMDU-0,CAMP_DIW_01,P06,415,25% OFF,73,64,34ac29
57a7bc,STHYD-5,CAMP_SAN_01,P14,1020,BOGOF,100,391,57a7bc
70e65e,STCBE-0,CAMP_DIW_01,P15,3000,500 Cashback,320,937,70e65e
cf2a34,STHYD-3,CAMP_DIW_01,P06,415,25% OFF,106,81,cf2a34
1c1cb7,STHYD-5,CAMP_SAN_01,P10,50,25% OFF,39,35,1c1cb7
8.25E+90,STBLR-3,CAMP_DIW_01,P05,55,25% OFF,112,88,8.25E+90
ad56bd,STMLR-2,CAMP_DIW_01,P09,110,50% OFF,36,37,ad56bd
32efe6,STVSK-3,CAMP_SAN_01,P08,1190,BOGOF,30,81,32efe6
eaa64b,STBLR-3,CAMP_SAN_01,P09,90,25% OFF,58,43,eaa64b
9e82db,STMDU-1,CAMP_DIW_01,P05,55,25% OFF,92,79,9e82db
d5b8af,STVJD-1,CAMP_SAN_01,P11,190,50% OFF,25,35,d5b8af
6d24bc,STMDU-2,CAMP_DIW_01,P03,156,25% OFF,206,179,6d24bc
107747,STHYD-1,CAMP_SAN_01,P02,860,33% OFF,488,580,107747
04da18,STVSK-4,CAMP_SAN_01,P03,200,BOGOF,223,604,04da18
3a3e96,STBLR-6,CAMP_DIW_01,P07,300,BOGOF,68,263,3a3e96
8f1624,STVJD-0,CAMP_DIW_01,P10,65,50% OFF,57,75,8f1624
b8269b,STBLR-1,CAMP_DIW_01,P13,350,BOGOF,77,232,b8269b
c6ca4d,STHYD-2,CAMP_SAN_01,P02,860,33% OFF,465,646,c6ca4d
987463,STBLR-0,CAMP_SAN_01,P07,300,BOGOF,45,185,987463
0b51fe,STHYD-3,CAMP_SAN_01,P10,50,25% OFF,39,29,0b51fe
d1ceaf,STBLR-5,CAMP_SAN_01,P10,50,25% OFF,36,29,d1ceaf
d834f0,STMYS-3,CAMP_SAN_01,P08,1190,BOGOF,34,147,d834f0
1ed982,STCHE-6,CAMP_DIW_01,P13,350,BOGOF,75,252,1ed982
e9c690,STMDU-3,CAMP_SAN_01,P09,90,25% OFF,45,38,e9c690
268ca2,STVJD-0,CAMP_SAN_01,P15,3000,500 Cashback,63,151,268ca2
a1624e,STHYD-1,CAMP_DIW_01,P02,860,33% OFF,351,449,a1624e
31b59d,STVSK-3,CAMP_SAN_01,P10,50,25% OFF,27,21,31b59d
82454e,STMLR-1,CAMP_DIW_01,P05,55,25% OFF,54,48,82454e
1548f8,STVSK-4,CAMP_SAN_01,P15,3000,500 Cashback,100,175,1548f8
84a2f4,STCHE-7,CAMP_SAN_01,P04,370,BOGOF,423,1801,84a2f4
9e59d5,STVSK-1,CAMP_DIW_01,P05,55,25% OFF,64,49,9e59d5
873333,STMLR-0,CAMP_DIW_01,P15,3000,500 Cashback,196,509,873333
8b751b,STMLR-0,CAMP_SAN_01,P05,55,25% OFF,15,12,8b751b
f856b9,STMLR-2,CAMP_SAN_01,P15,3000,500 Cashback,66,147,f856b9
dcaa89,STHYD-6,CAMP_SAN_01,P13,350,BOGOF,100,403,dcaa89
677e2c,STHYD-1,CAMP_SAN_01,P13,350,BOGOF,122,326,677e2c
b00eeb,STCHE-0,CAMP_SAN_01,P08,1190,BOGOF,51,196,b00eeb
8ff468,STVJD-0,CAMP_SAN_01,P03,200,BOGOF,193,773,8ff468
72f6b4,STTRV-0,CAMP_SAN_01,P02,860,33% OFF,241,344,72f6b4
300664,STHYD-5,CAMP_DIW_01,P13,350,BOGOF,80,276,300664
7ecbbb,STHYD-1,CAMP_DIW_01,P06,415,25% OFF,103,88,7ecbbb
2dc515,STMYS-3,CAMP_SAN_01,P01,172,33% OFF,232,294,2dc515
a4fb0b,STMDU-0,CAMP_SAN_01,P02,860,33% OFF,318,448,a4fb0b
f2d198,STTRV-1,CAMP_DIW_01,P03,156,25% OFF,166,157,f2d198
df5c15,STBLR-5,CAMP_DIW_01,P06,415,25% OFF,101,90,df5c15
4e6a19,STHYD-3,CAMP_SAN_01,P07,300,BOGOF,45,121,4e6a19
6436da,STMDU-1,CAMP_SAN_01,P08,1190,BOGOF,30,118,6436da
852b4f,STHYD-5,CAMP_SAN_01,P12,62,50% OFF,49,70,852b4f
26322a,STMLR-0,CAMP_DIW_01,P10,65,50% OFF,52,71,26322a
57576d,STBLR-5,CAMP_SAN_01,P08,1190,BOGOF,49,194,57576d
af646e,STHYD-4,CAMP_SAN_01,P11,190,50% OFF,54,78,af646e
ccbc3a,STTRV-0,CAMP_DIW_01,P06,415,25% OFF,52,49,ccbc3a
572031,STBLR-6,CAMP_SAN_01,P03,200,BOGOF,423,1734,572031
5a21a5,STBLR-4,CAMP_SAN_01,P10,50,25% OFF,31,26,5a21a5
c6bf42,STCBE-3,CAMP_DIW_01,P07,300,BOGOF,52,173,c6bf42
f5ff07,STCHE-6,CAMP_DIW_01,P11,190,50% OFF,80,100,f5ff07
2c8137,STVSK-3,CAMP_SAN_01,P07,300,BOGOF,31,77,2c8137
4e3a3d,STVJD-0,CAMP_DIW_01,P02,860,33% OFF,197,285,4e3a3d
582098,STMYS-1,CAMP_SAN_01,P14,1020,BOGOF,109,453,582098
9387d1,STHYD-6,CAMP_DIW_01,P02,860,33% OFF,329,470,9387d1
6c9451,STVSK-0,CAMP_DIW_01,P03,156,25% OFF,259,225,6c9451
9c74f7,STBLR-9,CAMP_DIW_01,P09,110,50% OFF,71,90,9c74f7
c3bbcc,STBLR-2,CAMP_SAN_01,P07,300,BOGOF,31,122,c3bbcc
00a25a,STCHE-3,CAMP_SAN_01,P12,62,50% OFF,64,89,00a25a
7b0f7d,STVJD-1,CAMP_DIW_01,P01,172,33% OFF,180,255,7b0f7d
b484bd,STTRV-1,CAMP_DIW_01,P06,415,25% OFF,36,34,b484bd
3aaafb,STMDU-2,CAMP_DIW_01,P06,415,25% OFF,50,43,3aaafb
20d916,STCBE-1,CAMP_DIW_01,P07,300,BOGOF,57,188,20d916
eccfbe,STCHE-1,CAMP_DIW_01,P02,860,33% OFF,364,451,eccfbe
71a7a0,STCHE-6,CAMP_DIW_01,P14,1020,BOGOF,59,195,71a7a0
fd2628,STBLR-8,CAMP_DIW_01,P15,3000,500 Cashback,437,1306,fd2628
7b187a,STVSK-1,CAMP_SAN_01,P14,1020,BOGOF,82,322,7b187a
345b49,STMDU-2,CAMP_SAN_01,P14,1020,BOGOF,76,300,345b49
1c4a78,STMLR-2,CAMP_SAN_01,P12,62,50% OFF,27,31,1c4a78
70c312,STHYD-4,CAMP_SAN_01,P13,350,BOGOF,135,534,70c312
1ee94b,STHYD-0,CAMP_DIW_01,P13,350,BOGOF,68,235,1ee94b
c381ea,STMLR-1,CAMP_SAN_01,P08,1190,BOGOF,27,106,c381ea
8724c8,STCBE-4,CAMP_SAN_01,P04,370,BOGOF,363,990,8724c8
8f3699,STVSK-3,CAMP_DIW_01,P03,156,25% OFF,196,174,8f3699
bfb2b4,STBLR-7,CAMP_SAN_01,P13,350,BOGOF,133,559,bfb2b4
19e2f0,STCHE-7,CAMP_SAN_01,P11,190,50% OFF,58,81,19e2f0
a0d919,STMDU-1,CAMP_DIW_01,P08,1190,BOGOF,35,122,a0d919
98c85b,STMLR-2,CAMP_DIW_01,P13,350,BOGOF,38,133,98c85b
d60641,STHYD-0,CAMP_DIW_01,P03,156,25% OFF,351,305,d60641
a340fc,STBLR-4,CAMP_DIW_01,P05,55,25% OFF,136,121,a340fc
4dca21,STVSK-1,CAMP_SAN_01,P04,370,BOGOF,252,985,4dca21
ff18f2,STVSK-3,CAMP_DIW_01,P15,3000,500 Cashback,260,681,ff18f2
b79fd9,STVJD-1,CAMP_DIW_01,P04,290,25% OFF,150,123,b79fd9
c23e33,STHYD-6,CAMP_SAN_01,P11,190,50% OFF,49,69,c23e33
cf734f,STHYD-4,CAMP_SAN_01,P08,1190,BOGOF,51,203,cf734f
0951b6,STMYS-1,CAMP_DIW_01,P09,110,50% OFF,103,159,0951b6
413f48,STVSK-0,CAMP_SAN_01,P14,1020,BOGOF,61,234,413f48
de1ced,STCHE-3,CAMP_DIW_01,P03,156,25% OFF,330,290,de1ced
291ddf,STCBE-1,CAMP_SAN_01,P03,200,BOGOF,267,1054,291ddf
aa1bbd,STCBE-0,CAMP_SAN_01,P10,50,25% OFF,25,22,aa1bbd
53a947,STBLR-1,CAMP_SAN_01,P06,415,25% OFF,39,36,53a947
b8f698,STMDU-3,CAMP_DIW_01,P10,65,50% OFF,68,76,b8f698
13ad42,STMDU-0,CAMP_DIW_01,P03,156,25% OFF,241,209,13ad42
93e61f,STBLR-4,CAMP_DIW_01,P10,65,50% OFF,92,120,93e61f
3070a3,STVSK-3,CAMP_DIW_01,P10,65,50% OFF,68,76,3070a3
cf0a2a,STHYD-3,CAMP_DIW_01,P09,110,50% OFF,92,147,cf0a2a
ae5745,STCBE-4,CAMP_DIW_01,P06,415,25% OFF,68,61,ae5745
695cd9,STTRV-1,CAMP_SAN_01,P07,300,BOGOF,21,82,695cd9
b76614,STMLR-0,CAMP_SAN_01,P12,62,50% OFF,33,47,b76614
d42636,STBLR-6,CAMP_SAN_01,P05,55,25% OFF,25,20,d42636
d9d3f4,STMYS-1,CAMP_DIW_01,P10,65,50% OFF,103,158,d9d3f4
8cbaa3,STHYD-2,CAMP_SAN_01,P08,1190,BOGOF,60,238,8cbaa3
aaea9e,STTRV-0,CAMP_DIW_01,P10,65,50% OFF,68,93,aaea9e
34a266,STMLR-0,CAMP_DIW_01,P08,1190,BOGOF,24,70,34a266
b017e0,STMDU-3,CAMP_DIW_01,P02,860,33% OFF,276,345,b017e0
7014a8,STBLR-8,CAMP_SAN_01,P14,1020,BOGOF,97,385,7014a8
9e2de4,STMLR-0,CAMP_SAN_01,P07,300,BOGOF,21,54,9e2de4
ec29f9,STTRV-1,CAMP_SAN_01,P06,415,25% OFF,21,19,ec29f9
5c50b6,STHYD-6,CAMP_SAN_01,P09,90,25% OFF,55,45,5c50b6
e2a523,STHYD-5,CAMP_DIW_01,P07,300,BOGOF,59,195,e2a523
166a02,STCHE-6,CAMP_SAN_01,P13,350,BOGOF,111,445,166a02
61b929,STVSK-2,CAMP_DIW_01,P14,1020,BOGOF,33,109,61b929
908a96,STHYD-4,CAMP_SAN_01,P12,62,50% OFF,52,72,908a96
d0f417,STCBE-4,CAMP_DIW_01,P12,62,50% OFF,89,112,d0f417
c4b10c,STCHE-5,CAMP_DIW_01,P06,415,25% OFF,87,77,c4b10c
e39703,STBLR-9,CAMP_DIW_01,P08,1190,BOGOF,47,163,e39703
1.11E+11,STMYS-3,CAMP_SAN_01,P11,190,50% OFF,43,48,111000000000
029ff8,STMLR-0,CAMP_SAN_01,P01,172,33% OFF,169,236,029ff8
daff65,STMLR-0,CAMP_DIW_01,P11,190,50% OFF,35,45,daff65
108a63,STHYD-3,CAMP_SAN_01,P05,55,25% OFF,30,22,108a63
e7d681,STCHE-5,CAMP_DIW_01,P13,350,BOGOF,66,226,e7d681
02fa4b,STVSK-4,CAMP_DIW_01,P01,172,33% OFF,155,218,02fa4b
2b0a40,STHYD-2,CAMP_DIW_01,P13,350,BOGOF,82,273,2b0a40
406a98,STBLR-5,CAMP_SAN_01,P01,172,33% OFF,264,361,406a98
ad1849,STCHE-1,CAMP_DIW_01,P05,55,25% OFF,119,107,ad1849
cfa879,STCHE-4,CAMP_SAN_01,P13,350,BOGOF,114,502,cfa879
d2b963,STVJD-0,CAMP_SAN_01,P14,1020,BOGOF,48,187,d2b963
2e3393,STCHE-3,CAMP_SAN_01,P14,1020,BOGOF,112,460,2e3393
68718c,STCHE-0,CAMP_DIW_01,P04,290,25% OFF,309,265,68718c
591730,STBLR-2,CAMP_SAN_01,P09,90,25% OFF,64,53,591730
7d1872,STMYS-2,CAMP_DIW_01,P02,860,33% OFF,283,430,7d1872
4b3df6,STTRV-1,CAMP_SAN_01,P14,1020,BOGOF,61,234,4b3df6
55b461,STMDU-0,CAMP_SAN_01,P06,415,25% OFF,21,17,55b461
6b26bc,STHYD-2,CAMP_SAN_01,P05,55,25% OFF,24,18,6b26bc
dbd453,STMLR-1,CAMP_SAN_01,P03,200,BOGOF,195,776,dbd453
1fcb3a,STVSK-4,CAMP_DIW_01,P05,55,25% OFF,89,72,1fcb3a
0a45d8,STTRV-0,CAMP_DIW_01,P02,860,33% OFF,196,303,0a45d8
e4235a,STVJD-0,CAMP_SAN_01,P09,90,25% OFF,33,30,e4235a
ca1e8f,STHYD-1,CAMP_DIW_01,P08,1190,BOGOF,54,167,ca1e8f
aa76f1,STHYD-0,CAMP_SAN_01,P11,190,50% OFF,42,65,aa76f1
e8aca2,STCBE-4,CAMP_DIW_01,P08,1190,BOGOF,40,119,e8aca2
c8670a,STCHE-0,CAMP_DIW_01,P15,3000,500 Cashback,343,1056,c8670a
c99d18,STCHE-7,CAMP_DIW_01,P08,1190,BOGOF,54,218,c99d18
bcbc28,STVSK-1,CAMP_DIW_01,P02,860,33% OFF,253,389,bcbc28
d7e3d8,STVJD-1,CAMP_DIW_01,P13,350,BOGOF,36,124,d7e3d8
5991de,STMDU-0,CAMP_DIW_01,P09,110,50% OFF,43,58,5991de
4ad894,STMLR-1,CAMP_DIW_01,P03,156,25% OFF,192,165,4ad894
72f1c0,STVSK-4,CAMP_DIW_01,P11,190,50% OFF,57,72,72f1c0
465ef1,STCHE-4,CAMP_DIW_01,P04,290,25% OFF,304,273,465ef1
db76f3,STBLR-0,CAMP_DIW_01,P01,172,33% OFF,294,438,db76f3
8f4f8c,STVJD-1,CAMP_DIW_01,P02,860,33% OFF,210,321,8f4f8c
dd2475,STBLR-4,CAMP_DIW_01,P04,290,25% OFF,325,289,dd2475
a0a2ec,STBLR-8,CAMP_SAN_01,P01,172,33% OFF,346,491,a0a2ec
0f1be6,STCBE-2,CAMP_DIW_01,P12,62,50% OFF,89,129,0f1be6
5b357f,STMDU-1,CAMP_DIW_01,P15,3000,500 Cashback,322,985,5b357f
380012,STMDU-3,CAMP_DIW_01,P06,415,25% OFF,56,50,380012
3906da,STMLR-2,CAMP_SAN_01,P09,90,25% OFF,33,27,3906da
c917a3,STCHE-3,CAMP_DIW_01,P04,290,25% OFF,350,311,c917a3
3a8b79,STMDU-0,CAMP_DIW_01,P07,300,BOGOF,49,199,3a8b79
c48008,STBLR-2,CAMP_DIW_01,P14,1020,BOGOF,47,162,c48008
88a405,STMLR-2,CAMP_DIW_01,P12,62,50% OFF,63,71,88a405
1ba928,STMDU-1,CAMP_DIW_01,P04,290,25% OFF,255,219,1ba928
7d5e81,STCHE-5,CAMP_SAN_01,P07,300,BOGOF,43,167,7d5e81
43feca,STMDU-3,CAMP_DIW_01,P13,350,BOGOF,56,184,43feca
9779b0,STVSK-2,CAMP_DIW_01,P10,65,50% OFF,85,128,9779b0
bd2635,STHYD-5,CAMP_DIW_01,P04,290,25% OFF,327,310,bd2635
4f255c,STHYD-1,CAMP_SAN_01,P08,1190,BOGOF,52,134,4f255c
386fdc,STVSK-1,CAMP_DIW_01,P01,172,33% OFF,257,364,386fdc
3df185,STCBE-2,CAMP_DIW_01,P11,190,50% OFF,40,62,3df185
a37f93,STVSK-3,CAMP_DIW_01,P14,1020,BOGOF,38,117,a37f93
939435,STMLR-2,CAMP_SAN_01,P07,300,BOGOF,24,96,939435
38b760,STMDU-0,CAMP_DIW_01,P14,1020,BOGOF,33,126,38b760
660f7c,STMYS-1,CAMP_SAN_01,P07,300,BOGOF,43,186,660f7c
5c8b9f,STMDU-1,CAMP_DIW_01,P01,172,33% OFF,187,289,5c8b9f
9.57E+11,STHYD-1,CAMP_SAN_01,P15,3000,500 Cashback,103,177,957000000000
ddddb3,STBLR-2,CAMP_DIW_01,P09,110,50% OFF,103,136,ddddb3
90b2fb,STCHE-6,CAMP_DIW_01,P07,300,BOGOF,59,201,90b2fb
cf9994,STCHE-5,CAMP_SAN_01,P10,50,25% OFF,37,31,cf9994
fb4f00,STCHE-0,CAMP_DIW_01,P11,190,50% OFF,80,102,fb4f00
b41e58,STCBE-4,CAMP_DIW_01,P02,860,33% OFF,255,377,b41e58
567271,STMDU-0,CAMP_DIW_01,P10,65,50% OFF,78,102,567271
902a62,STHYD-2,CAMP_DIW_01,P06,415,25% OFF,96,77,902a62
da5d21,STBLR-9,CAMP_DIW_01,P10,65,50% OFF,92,125,da5d21
8f2264,STBLR-7,CAMP_DIW_01,P12,62,50% OFF,124,184,8f2264
1e2a0e,STBLR-9,CAMP_DIW_01,P01,172,33% OFF,329,467,1e2a0e
7a6449,STHYD-3,CAMP_DIW_01,P10,65,50% OFF,131,203,7a6449
6.24E+11,STMLR-0,CAMP_SAN_01,P03,200,BOGOF,206,541,624000000000
5aa413,STCHE-1,CAMP_SAN_01,P08,1190,BOGOF,43,109,5aa413
11a64e,STCHE-7,CAMP_SAN_01,P06,415,25% OFF,31,28,11a64e
67820e,STBLR-0,CAMP_SAN_01,P10,50,25% OFF,31,25,67820e
cd0d8e,STMDU-2,CAMP_DIW_01,P11,190,50% OFF,66,77,cd0d8e
ee63b3,STHYD-4,CAMP_DIW_01,P02,860,33% OFF,362,521,ee63b3
abffa2,STCHE-5,CAMP_DIW_01,P07,300,BOGOF,59,206,abffa2
5487a6,STBLR-0,CAMP_DIW_01,P03,156,25% OFF,358,315,5487a6
0a4160,STCHE-7,CAMP_DIW_01,P03,156,25% OFF,330,323,0a4160
6422b4,STCBE-0,CAMP_DIW_01,P01,172,33% OFF,255,425,6422b4
6c7601,STCBE-2,CAMP_SAN_01,P14,1020,BOGOF,78,334,6c7601
d3575d,STMLR-2,CAMP_DIW_01,P02,860,33% OFF,210,268,d3575d
75ad53,STVJD-1,CAMP_DIW_01,P05,55,25% OFF,59,48,75ad53
a08c5e,STMYS-2,CAMP_DIW_01,P05,55,25% OFF,99,88,a08c5e
d8a4ae,STBLR-0,CAMP_SAN_01,P05,55,25% OFF,28,22,d8a4ae
14f1e9,STBLR-4,CAMP_DIW_01,P08,1190,BOGOF,49,163,14f1e9
11178a,STCBE-0,CAMP_DIW_01,P07,300,BOGOF,36,118,11178a
62775f,STCHE-2,CAMP_DIW_01,P07,300,BOGOF,59,196,62775f
5.88E+11,STHYD-3,CAMP_DIW_01,P12,62,50% OFF,112,178,588000000000
4fca07,STMLR-2,CAMP_SAN_01,P01,172,33% OFF,183,215,4fca07
a216f7,STCBE-2,CAMP_DIW_01,P06,415,25% OFF,77,68,a216f7
18a68a,STMLR-0,CAMP_DIW_01,P01,172,33% OFF,173,250,18a68a
1f5ed3,STVSK-1,CAMP_SAN_01,P08,1190,BOGOF,33,131,1f5ed3
58e374,STBLR-0,CAMP_DIW_01,P07,300,BOGOF,64,250,58e374
f7aec5,STCHE-5,CAMP_SAN_01,P13,350,BOGOF,87,341,f7aec5
f4192d,STMYS-1,CAMP_DIW_01,P11,190,50% OFF,84,121,f4192d
a71e7c,STCBE-2,CAMP_SAN_01,P12,62,50% OFF,33,51,a71e7c
f49149,STMYS-0,CAMP_SAN_01,P06,415,25% OFF,27,22,f49149
e7cb59,STCHE-3,CAMP_DIW_01,P11,190,50% OFF,96,120,e7cb59
8b1147,STVSK-0,CAMP_SAN_01,P15,3000,500 Cashback,73,170,8b1147
8d349f,STCBE-4,CAMP_SAN_01,P10,50,25% OFF,22,18,8d349f
096adc,STBLR-8,CAMP_SAN_01,P02,860,33% OFF,441,626,096adc
5f0a89,STBLR-3,CAMP_SAN_01,P15,3000,500 Cashback,114,249,5f0a89
127984,STMLR-2,CAMP_DIW_01,P04,290,25% OFF,141,125,127984
e8a904,STCHE-7,CAMP_DIW_01,P05,55,25% OFF,112,107,e8a904
f1b7e9,STCHE-3,CAMP_DIW_01,P14,1020,BOGOF,52,211,f1b7e9
62d659,STHYD-6,CAMP_DIW_01,P10,65,50% OFF,105,137,62d659
333b7d,STHYD-6,CAMP_DIW_01,P08,1190,BOGOF,49,166,333b7d
da9b71,STVSK-1,CAMP_DIW_01,P06,415,25% OFF,63,51,da9b71
463205,STVSK-2,CAMP_DIW_01,P02,860,33% OFF,215,371,463205
2b0db4,STMLR-2,CAMP_DIW_01,P14,1020,BOGOF,21,73,2b0db4
003e8d,STCHE-3,CAMP_DIW_01,P02,860,33% OFF,371,519,003e8d
b0ab6c,STHYD-4,CAMP_SAN_01,P06,415,25% OFF,34,31,b0ab6c
2d7f62,STCHE-2,CAMP_SAN_01,P11,190,50% OFF,58,68,2d7f62
58df9b,STCBE-2,CAMP_DIW_01,P02,860,33% OFF,183,327,58df9b
f22294,STMYS-1,CAMP_SAN_01,P01,172,33% OFF,345,520,f22294
6.88E+10,STVJD-0,CAMP_SAN_01,P08,1190,BOGOF,22,88,68800000000
41b8f8,STBLR-0,CAMP_DIW_01,P08,1190,BOGOF,56,220,41b8f8
7.34E+11,STCHE-0,CAMP_DIW_01,P06,415,25% OFF,105,92,734000000000
cbe691,STBLR-0,CAMP_DIW_01,P10,65,50% OFF,103,134,cbe691
0f2c3a,STCBE-0,CAMP_SAN_01,P07,300,BOGOF,30,117,0f2c3a
5ae6d6,STBLR-1,CAMP_SAN_01,P09,90,25% OFF,82,74,5ae6d6
a9ee19,STBLR-1,CAMP_SAN_01,P08,1190,BOGOF,58,158,a9ee19
4ab9ba,STTRV-1,CAMP_SAN_01,P01,172,33% OFF,165,232,4ab9ba
3164ea,STMDU-2,CAMP_SAN_01,P01,172,33% OFF,265,328,3164ea
7bdc1e,STVSK-4,CAMP_DIW_01,P07,300,BOGOF,50,149,7bdc1e
565a38,STTRV-0,CAMP_SAN_01,P07,300,BOGOF,30,117,565a38
ab3517,STTRV-1,CAMP_SAN_01,P04,370,BOGOF,190,733,ab3517
1b295f,STCHE-5,CAMP_DIW_01,P12,62,50% OFF,110,130,1b295f
a55960,STBLR-1,CAMP_DIW_01,P08,1190,BOGOF,50,149,a55960
5a0c33,STCBE-2,CAMP_DIW_01,P10,65,50% OFF,87,127,5a0c33
74d23a,STCHE-0,CAMP_DIW_01,P07,300,BOGOF,75,252,74d23a
d105db,STCBE-4,CAMP_SAN_01,P07,300,BOGOF,43,111,d105db
1620ea,STMYS-3,CAMP_DIW_01,P06,415,25% OFF,101,89,1620ea
2177f8,STMDU-0,CAMP_DIW_01,P04,290,25% OFF,234,208,2177f8
609bfd,STBLR-1,CAMP_DIW_01,P12,62,50% OFF,129,170,609bfd
0013db,STBLR-1,CAMP_SAN_01,P02,860,33% OFF,435,622,0013db
6f3e24,STHYD-6,CAMP_DIW_01,P15,3000,500 Cashback,388,1129,6f3e24
79a95a,STHYD-3,CAMP_SAN_01,P15,3000,500 Cashback,121,200,79a95a
8cd1ec,STCHE-1,CAMP_SAN_01,P13,350,BOGOF,124,324,8cd1ec
e57227,STCHE-6,CAMP_SAN_01,P05,55,25% OFF,25,18,e57227
79577d,STBLR-9,CAMP_DIW_01,P03,156,25% OFF,348,337,79577d
dbaf92,STBLR-6,CAMP_SAN_01,P01,172,33% OFF,301,454,dbaf92
27bc6e,STCBE-2,CAMP_DIW_01,P14,1020,BOGOF,42,160,27bc6e
53bb94,STHYD-2,CAMP_DIW_01,P02,860,33% OFF,402,611,53bb94
2fe1bb,STCHE-1,CAMP_SAN_01,P04,370,BOGOF,460,1168,2fe1bb
e553f2,STTRV-0,CAMP_DIW_01,P13,350,BOGOF,38,129,e553f2
fc376a,STHYD-0,CAMP_SAN_01,P14,1020,BOGOF,106,422,fc376a
fdd666,STMLR-0,CAMP_DIW_01,P06,415,25% OFF,38,33,fdd666
bbf357,STVSK-4,CAMP_SAN_01,P11,190,50% OFF,40,57,bbf357
d180ef,STBLR-7,CAMP_SAN_01,P01,172,33% OFF,341,531,d180ef
4888d5,STBLR-3,CAMP_DIW_01,P07,300,BOGOF,70,231,4888d5
dead78,STVJD-0,CAMP_DIW_01,P12,62,50% OFF,68,90,dead78
c198da,STMDU-2,CAMP_SAN_01,P06,415,25% OFF,19,15,c198da
3cb389,STCHE-6,CAMP_DIW_01,P01,172,33% OFF,309,460,3cb389
667c78,STVSK-4,CAMP_SAN_01,P01,172,33% OFF,223,301,667c78
02b894,STBLR-2,CAMP_SAN_01,P02,860,33% OFF,477,658,02b894
1bff17,STCHE-6,CAMP_DIW_01,P05,55,25% OFF,112,85,1bff17
d6ff76,STMDU-2,CAMP_DIW_01,P14,1020,BOGOF,28,96,d6ff76
d1e51d,STCBE-4,CAMP_DIW_01,P07,300,BOGOF,42,130,d1e51d
8f2a5a,STVSK-2,CAMP_SAN_01,P11,190,50% OFF,25,37,8f2a5a
87be33,STBLR-6,CAMP_SAN_01,P13,350,BOGOF,120,516,87be33
a1e541,STHYD-1,CAMP_DIW_01,P01,172,33% OFF,311,385,a1e541
6a1a5a,STVSK-0,CAMP_DIW_01,P15,3000,500 Cashback,250,755,6a1a5a
361cfb,STMLR-0,CAMP_DIW_01,P14,1020,BOGOF,22,69,361cfb
951bda,STBLR-9,CAMP_DIW_01,P07,300,BOGOF,63,213,951bda
a692dc,STCHE-1,CAMP_SAN_01,P01,172,33% OFF,270,340,a692dc
94953c,STMLR-2,CAMP_SAN_01,P06,415,25% OFF,15,12,94953c
af100a,STMLR-2,CAMP_SAN_01,P03,200,BOGOF,190,752,af100a
223d36,STMYS-0,CAMP_DIW_01,P10,65,50% OFF,129,167,223d36
ff43bf,STHYD-2,CAMP_DIW_01,P11,190,50% OFF,91,116,ff43bf
44838e,STVJD-1,CAMP_DIW_01,P06,415,25% OFF,49,40,44838e
1fa488,STVJD-0,CAMP_DIW_01,P07,300,BOGOF,31,105,1fa488
73211e,STCBE-1,CAMP_DIW_01,P01,172,33% OFF,182,223,73211e
93a29e,STCHE-4,CAMP_SAN_01,P05,55,25% OFF,28,22,93a29e
ec5570,STVJD-1,CAMP_DIW_01,P10,65,50% OFF,71,95,ec5570
6ee2af,STHYD-3,CAMP_SAN_01,P02,860,33% OFF,595,892,6ee2af
f3a7b2,STHYD-6,CAMP_SAN_01,P01,172,33% OFF,306,416,f3a7b2
2186aa,STCBE-3,CAMP_SAN_01,P05,55,25% OFF,19,15,2186aa
e7bdad,STMLR-1,CAMP_DIW_01,P14,1020,BOGOF,24,80,e7bdad
f90ae9,STCBE-0,CAMP_SAN_01,P13,350,BOGOF,82,323,f90ae9
348fe6,STBLR-8,CAMP_DIW_01,P01,172,33% OFF,332,471,348fe6
17d5c1,STCBE-0,CAMP_DIW_01,P13,350,BOGOF,52,173,17d5c1
8f5618,STBLR-1,CAMP_DIW_01,P04,290,25% OFF,302,289,8f5618
6bfa15,STCBE-2,CAMP_SAN_01,P06,415,25% OFF,16,13,6bfa15
aac58d,STBLR-6,CAMP_DIW_01,P08,1190,BOGOF,52,204,aac58d
ed0d01,STBLR-2,CAMP_DIW_01,P12,62,50% OFF,108,145,ed0d01
0eb41f,STVSK-2,CAMP_SAN_01,P01,172,33% OFF,232,364,0eb41f
9b8658,STHYD-5,CAMP_DIW_01,P11,190,50% OFF,73,97,9b8658
3bc352,STHYD-3,CAMP_DIW_01,P07,300,BOGOF,54,170,3bc352
40f110,STBLR-9,CAMP_DIW_01,P12,62,50% OFF,122,163,40f110
55fed8,STCBE-3,CAMP_DIW_01,P09,110,50% OFF,40,60,55fed8
c1cdb5,STCHE-0,CAMP_SAN_01,P15,3000,500 Cashback,135,286,c1cdb5
c134bb,STBLR-8,CAMP_SAN_01,P07,300,BOGOF,51,205,c134bb
2361c6,STBLR-0,CAMP_DIW_01,P06,415,25% OFF,94,83,2361c6
b44f0e,STHYD-2,CAMP_SAN_01,P15,3000,500 Cashback,136,288,b44f0e
607c9d,STCHE-2,CAMP_SAN_01,P02,860,33% OFF,556,711,607c9d
5ea63d,STCBE-3,CAMP_DIW_01,P12,62,50% OFF,82,126,5ea63d
323aee,STVSK-0,CAMP_DIW_01,P07,300,BOGOF,36,119,323aee
114087,STHYD-3,CAMP_SAN_01,P06,415,25% OFF,28,20,114087
99482c,STBLR-8,CAMP_SAN_01,P08,1190,BOGOF,42,161,99482c
5ab1d5,STCHE-6,CAMP_DIW_01,P06,415,25% OFF,98,76,5ab1d5
97ad03,STCBE-1,CAMP_SAN_01,P02,860,33% OFF,379,462,97ad03
b666fa,STTRV-1,CAMP_DIW_01,P05,55,25% OFF,57,55,b666fa
da3c49,STMLR-2,CAMP_SAN_01,P02,860,33% OFF,270,313,da3c49
3459ec,STCHE-3,CAMP_SAN_01,P02,860,33% OFF,468,636,3459ec
7f81c2,STCHE-2,CAMP_DIW_01,P05,55,25% OFF,91,88,7f81c2
b17786,STMLR-0,CAMP_SAN_01,P13,350,BOGOF,63,163,b17786
2cbc21,STHYD-1,CAMP_SAN_01,P09,90,25% OFF,58,47,2cbc21
eacf93,STTRV-1,CAMP_SAN_01,P11,190,50% OFF,24,34,eacf93
0f184e,STVSK-0,CAMP_DIW_01,P05,55,25% OFF,89,80,0f184e
52ec61,STBLR-8,CAMP_DIW_01,P10,65,50% OFF,133,172,52ec61
541bef,STHYD-4,CAMP_SAN_01,P01,172,33% OFF,234,322,541bef
86a92b,STMLR-2,CAMP_DIW_01,P11,190,50% OFF,42,45,86a92b
861116,STBLR-7,CAMP_DIW_01,P06,415,25% OFF,96,84,861116
c6d7c5,STMYS-3,CAMP_DIW_01,P12,62,50% OFF,124,145,c6d7c5
b58c2d,STMYS-0,CAMP_SAN_01,P02,860,33% OFF,499,703,b58c2d
d59c23,STCBE-3,CAMP_DIW_01,P03,156,25% OFF,252,224,d59c23
68a7bc,STBLR-5,CAMP_DIW_01,P04,290,25% OFF,322,276,68a7bc
f98db5,STBLR-2,CAMP_SAN_01,P15,3000,500 Cashback,129,279,f98db5
ffaba4,STBLR-8,CAMP_SAN_01,P09,90,25% OFF,46,33,ffaba4
f725c0,STCBE-3,CAMP_SAN_01,P03,200,BOGOF,228,898,f725c0
f8e037,STHYD-2,CAMP_DIW_01,P08,1190,BOGOF,52,175,f8e037
b526b4,STCHE-7,CAMP_SAN_01,P02,860,33% OFF,525,756,b526b4
0491f4,STVSK-2,CAMP_DIW_01,P11,190,50% OFF,38,58,0491f4
879d99,STHYD-5,CAMP_DIW_01,P09,110,50% OFF,92,124,879d99
ec3591,STCHE-1,CAMP_SAN_01,P09,90,25% OFF,79,63,ec3591
2db607,STCBE-1,CAMP_DIW_01,P14,1020,BOGOF,40,136,2db607
b78191,STBLR-3,CAMP_SAN_01,P14,1020,BOGOF,91,361,b78191
7b1d41,STMYS-2,CAMP_DIW_01,P14,1020,BOGOF,43,125,7b1d41
a6e691,STCHE-0,CAMP_SAN_01,P03,200,BOGOF,294,1134,a6e691
f21ef6,STMLR-1,CAMP_SAN_01,P06,415,25% OFF,18,14,f21ef6
b999c5,STMYS-2,CAMP_SAN_01,P03,200,BOGOF,406,1015,b999c5
f6aa36,STVSK-3,CAMP_DIW_01,P06,415,25% OFF,63,54,f6aa36
d78c78,STCHE-0,CAMP_DIW_01,P14,1020,BOGOF,52,182,d78c78
12573c,STHYD-3,CAMP_SAN_01,P12,62,50% OFF,64,100,12573c
38ebfb,STCBE-1,CAMP_SAN_01,P10,50,25% OFF,27,20,38ebfb
5d23c1,STVSK-4,CAMP_SAN_01,P12,62,50% OFF,40,58,5d23c1
449732,STBLR-9,CAMP_DIW_01,P05,55,25% OFF,101,97,449732
b83644,STBLR-6,CAMP_DIW_01,P11,190,50% OFF,75,117,b83644
17537,STMDU-2,CAMP_SAN_01,P08,1190,BOGOF,33,129,17537
ab8eb3,STHYD-6,CAMP_DIW_01,P06,415,25% OFF,85,74,ab8eb3
99ce6a,STVSK-3,CAMP_SAN_01,P03,200,BOGOF,250,687,99ce6a
42b041,STBLR-1,CAMP_DIW_01,P01,172,33% OFF,357,514,42b041
fd5955,STCBE-0,CAMP_DIW_01,P02,860,33% OFF,313,541,fd5955
9.33E+11,STBLR-3,CAMP_SAN_01,P08,1190,BOGOF,40,154,933000000000
268b09,STMLR-1,CAMP_SAN_01,P13,350,BOGOF,49,189,268b09
dcaeaa,STBLR-7,CAMP_DIW_01,P04,290,25% OFF,276,242,dcaeaa
d31787,STMYS-2,CAMP_SAN_01,P10,50,25% OFF,25,20,d31787
f34069,STBLR-9,CAMP_SAN_01,P09,90,25% OFF,61,57,f34069
4f40ed,STCHE-5,CAMP_SAN_01,P02,860,33% OFF,564,721,4f40ed
12bb06,STHYD-1,CAMP_DIW_01,P03,156,25% OFF,351,319,12bb06
5f2c41,STCHE-6,CAMP_DIW_01,P08,1190,BOGOF,54,185,5f2c41
e0de60,STHYD-6,CAMP_DIW_01,P03,156,25% OFF,327,294,e0de60
152ae4,STHYD-1,CAMP_SAN_01,P12,62,50% OFF,51,57,152ae4
8e6ee5,STMLR-0,CAMP_DIW_01,P05,55,25% OFF,52,45,8e6ee5
d0fd0e,STBLR-0,CAMP_SAN_01,P11,190,50% OFF,43,62,d0fd0e
4fa17c,STCHE-4,CAMP_DIW_01,P01,172,33% OFF,327,503,4fa17c
bcf305,STCHE-5,CAMP_DIW_01,P09,110,50% OFF,75,80,bcf305
66050c,STCHE-6,CAMP_SAN_01,P08,1190,BOGOF,60,238,66050c
407f1c,STBLR-2,CAMP_SAN_01,P13,350,BOGOF,117,469,407f1c
e12c11,STCHE-1,CAMP_SAN_01,P14,1020,BOGOF,112,294,e12c11
46d57b,STBLR-9,CAMP_DIW_01,P13,350,BOGOF,94,329,46d57b
e80ad8,STCHE-7,CAMP_DIW_01,P10,65,50% OFF,136,179,e80ad8
f2bdcc,STBLR-4,CAMP_DIW_01,P01,172,33% OFF,337,478,f2bdcc
8d20b8,STBLR-5,CAMP_DIW_01,P09,110,50% OFF,75,95,8d20b8
f88523,STTRV-1,CAMP_SAN_01,P05,55,25% OFF,10,9,f88523
177b80,STMLR-0,CAMP_SAN_01,P14,1020,BOGOF,37,96,177b80
317699,STCHE-2,CAMP_SAN_01,P03,200,BOGOF,310,1246,317699
ef6d6d,STBLR-2,CAMP_SAN_01,P14,1020,BOGOF,88,346,ef6d6d
1e51ee,STVSK-3,CAMP_SAN_01,P12,62,50% OFF,43,51,1e51ee
c55ec9,STBLR-1,CAMP_SAN_01,P15,3000,500 Cashback,136,220,c55ec9
6bbadf,STHYD-1,CAMP_DIW_01,P14,1020,BOGOF,43,127,6bbadf
edaef4,STHYD-5,CAMP_SAN_01,P03,200,BOGOF,416,1630,edaef4
d3f755,STCBE-1,CAMP_SAN_01,P08,1190,BOGOF,43,171,d3f755
0ba095,STCBE-1,CAMP_DIW_01,P03,156,25% OFF,274,210,0ba095
911349,STHYD-0,CAMP_DIW_01,P15,3000,500 Cashback,397,1214,911349
6d65d2,STBLR-8,CAMP_SAN_01,P04,370,BOGOF,480,1867,6d65d2
4ab3bc,STHYD-2,CAMP_SAN_01,P09,90,25% OFF,66,49,4ab3bc
c22cf6,STCHE-6,CAMP_SAN_01,P12,62,50% OFF,58,81,c22cf6
cc2182,STMDU-1,CAMP_DIW_01,P12,62,50% OFF,85,117,cc2182
bdf2b8,STVJD-1,CAMP_DIW_01,P12,62,50% OFF,56,71,bdf2b8
db8aa8,STTRV-1,CAMP_SAN_01,P03,200,BOGOF,193,746,db8aa8
466d6c,STMYS-1,CAMP_SAN_01,P11,190,50% OFF,31,50,466d6c
6444b7,STCHE-2,CAMP_DIW_01,P06,415,25% OFF,85,81,6444b7
f1cd45,STVJD-1,CAMP_DIW_01,P11,190,50% OFF,50,64,f1cd45
23421e,STBLR-2,CAMP_SAN_01,P12,62,50% OFF,54,77,23421e
3c3c49,STCBE-2,CAMP_SAN_01,P08,1190,BOGOF,40,168,3c3c49
680acd,STHYD-3,CAMP_SAN_01,P11,190,50% OFF,46,73,680acd
fe2fe7,STCHE-4,CAMP_DIW_01,P05,55,25% OFF,127,115,fe2fe7
e2abd2,STCHE-3,CAMP_DIW_01,P09,110,50% OFF,73,92,e2abd2
7c51b1,STCBE-0,CAMP_DIW_01,P09,110,50% OFF,59,89,7c51b1
494f1b,STVSK-2,CAMP_SAN_01,P13,350,BOGOF,94,374,494f1b
144c17,STCHE-2,CAMP_DIW_01,P02,860,33% OFF,411,509,144c17
28acbc,STBLR-2,CAMP_DIW_01,P10,65,50% OFF,105,132,28acbc
00af86,STCBE-0,CAMP_SAN_01,P06,415,25% OFF,15,14,00af86
6321fa,STCHE-3,CAMP_SAN_01,P10,50,25% OFF,31,26,6321fa
6a7668,STCHE-4,CAMP_SAN_01,P15,3000,500 Cashback,112,321,6a7668
c7fefa,STMDU-1,CAMP_SAN_01,P11,190,50% OFF,28,40,c7fefa
c5f80e,STCHE-1,CAMP_DIW_01,P14,1020,BOGOF,43,125,c5f80e
86755e,STCHE-4,CAMP_SAN_01,P07,300,BOGOF,45,191,86755e
3.56E+10,STMDU-3,CAMP_SAN_01,P08,1190,BOGOF,36,145,35600000000
a26b45,STBLR-3,CAMP_DIW_01,P01,172,33% OFF,287,413,a26b45
fe7b5d,STHYD-2,CAMP_SAN_01,P03,200,BOGOF,472,1902,fe7b5d
8d68bc,STHYD-2,CAMP_DIW_01,P03,156,25% OFF,357,289,8d68bc
9bc176,STHYD-3,CAMP_SAN_01,P04,370,BOGOF,416,1085,9bc176
17df71,STHYD-0,CAMP_SAN_01,P08,1190,BOGOF,46,179,17df71
342d35,STCBE-3,CAMP_DIW_01,P08,1190,BOGOF,29,96,342d35
d8f51c,STMYS-1,CAMP_DIW_01,P15,3000,500 Cashback,449,1499,d8f51c
cd36b2,STCHE-4,CAMP_DIW_01,P10,65,50% OFF,127,168,cd36b2
780aaa,STMYS-1,CAMP_SAN_01,P06,415,25% OFF,19,14,780aaa
decd5e,STMDU-2,CAMP_SAN_01,P10,50,25% OFF,21,17,decd5e
d88318,STCHE-5,CAMP_DIW_01,P08,1190,BOGOF,45,149,d88318
bf2632,STCHE-1,CAMP_SAN_01,P12,62,50% OFF,57,66,bf2632
902903,STVSK-2,CAMP_DIW_01,P13,350,BOGOF,49,164,902903
8481be,STCHE-1,CAMP_DIW_01,P04,290,25% OFF,327,287,8481be
333ef0,STHYD-0,CAMP_DIW_01,P14,1020,BOGOF,47,163,333ef0
5dd3d3,STVJD-0,CAMP_DIW_01,P09,110,50% OFF,40,54,5dd3d3
98cc83,STVSK-0,CAMP_DIW_01,P10,65,50% OFF,84,127,98cc83
5a6ad7,STBLR-9,CAMP_DIW_01,P14,1020,BOGOF,45,153,5a6ad7
b0cc1e,STBLR-9,CAMP_SAN_01,P02,860,33% OFF,610,847,b0cc1e
21b73e,STTRV-0,CAMP_DIW_01,P05,55,25% OFF,61,59,21b73e
c3c9e3,STVSK-1,CAMP_DIW_01,P15,3000,500 Cashback,301,869,c3c9e3
b76f57,STBLR-8,CAMP_DIW_01,P13,350,BOGOF,66,220,b76f57
95792f,STMDU-2,CAMP_SAN_01,P15,3000,500 Cashback,106,243,95792f
53b2fd,STHYD-6,CAMP_DIW_01,P01,172,33% OFF,320,467,53b2fd
6a54d2,STCHE-5,CAMP_SAN_01,P01,172,33% OFF,303,360,6a54d2
cb7ddd,STVJD-1,CAMP_DIW_01,P09,110,50% OFF,49,65,cb7ddd
f57184,STHYD-5,CAMP_SAN_01,P05,55,25% OFF,21,18,f57184
4f76ac,STMYS-3,CAMP_DIW_01,P04,290,25% OFF,383,344,4f76ac
3b086a,STBLR-4,CAMP_SAN_01,P06,415,25% OFF,36,29,3b086a
0cc836,STVSK-0,CAMP_SAN_01,P05,55,25% OFF,18,14,0cc836
aacd2a,STMYS-3,CAMP_SAN_01,P10,50,25% OFF,25,21,aacd2a
3968a6,STMYS-3,CAMP_SAN_01,P05,55,25% OFF,19,16,3968a6
fc2170,STCBE-3,CAMP_SAN_01,P08,1190,BOGOF,40,158,fc2170
368ca0,STBLR-4,CAMP_SAN_01,P04,370,BOGOF,432,1736,368ca0
729701,STVSK-2,CAMP_SAN_01,P06,415,25% OFF,22,18,729701
6d863b,STCBE-1,CAMP_SAN_01,P07,300,BOGOF,40,155,6d863b
1d651c,STCHE-5,CAMP_SAN_01,P15,3000,500 Cashback,121,273,1d651c
a7aa70,STMDU-2,CAMP_SAN_01,P11,190,50% OFF,25,28,a7aa70
06c981,STHYD-2,CAMP_DIW_01,P14,1020,BOGOF,42,139,06c981
626cb9,STMLR-0,CAMP_DIW_01,P09,110,50% OFF,36,48,626cb9
6c1493,STVJD-1,CAMP_SAN_01,P15,3000,500 Cashback,66,144,6c1493
c22ead,STBLR-6,CAMP_SAN_01,P11,190,50% OFF,43,66,c22ead
a35a4f,STCHE-6,CAMP_DIW_01,P10,65,50% OFF,122,153,a35a4f
4f7c26,STCBE-4,CAMP_DIW_01,P15,3000,500 Cashback,316,818,4f7c26
c4dae9,STHYD-0,CAMP_DIW_01,P08,1190,BOGOF,52,180,c4dae9
f199be,STBLR-6,CAMP_DIW_01,P06,415,25% OFF,87,78,f199be
c1debe,STCHE-3,CAMP_DIW_01,P15,3000,500 Cashback,381,1303,c1debe
d61f6f,STHYD-3,CAMP_SAN_01,P03,200,BOGOF,331,903,d61f6f
459bc3,STBLR-8,CAMP_SAN_01,P13,350,BOGOF,97,378,459bc3
ed90b8,STVSK-4,CAMP_SAN_01,P05,55,25% OFF,18,13,ed90b8
8fecef,STCHE-1,CAMP_DIW_01,P07,300,BOGOF,75,217,8fecef
dc2bb1,STMYS-3,CAMP_SAN_01,P02,860,33% OFF,400,476,dc2bb1
13a676,STCBE-4,CAMP_DIW_01,P01,172,33% OFF,203,296,13a676
42fb76,STHYD-5,CAMP_DIW_01,P10,65,50% OFF,112,151,42fb76
f741af,STHYD-2,CAMP_SAN_01,P01,172,33% OFF,333,456,f741af
5c6465,STHYD-5,CAMP_SAN_01,P08,1190,BOGOF,36,139,5c6465
2ba228,STCHE-5,CAMP_DIW_01,P02,860,33% OFF,316,388,2ba228
21ac82,STHYD-2,CAMP_SAN_01,P06,415,25% OFF,46,34,21ac82
8e97d1,STBLR-7,CAMP_SAN_01,P09,90,25% OFF,72,58,8e97d1
335090,STMYS-0,CAMP_DIW_01,P15,3000,500 Cashback,262,673,335090
fc8d10,STMLR-0,CAMP_SAN_01,P08,1190,BOGOF,27,70,fc8d10
9a425b,STCBE-0,CAMP_DIW_01,P03,156,25% OFF,276,267,9a425b
4f570c,STBLR-7,CAMP_DIW_01,P05,55,25% OFF,122,107,4f570c
d1138a,STTRV-1,CAMP_DIW_01,P12,62,50% OFF,63,84,d1138a
b6dd84,STVJD-1,CAMP_SAN_01,P01,172,33% OFF,166,225,b6dd84
151c7d,STMLR-1,CAMP_DIW_01,P06,415,25% OFF,49,42,151c7d
240703,STHYD-5,CAMP_SAN_01,P02,860,33% OFF,471,659,240703
8d5095,STCBE-2,CAMP_DIW_01,P15,3000,500 Cashback,234,840,8d5095
efd0d2,STMYS-2,CAMP_DIW_01,P15,3000,500 Cashback,486,1273,efd0d2
8ef678,STMYS-3,CAMP_DIW_01,P01,172,33% OFF,311,398,8ef678
4ca177,STVSK-4,CAMP_SAN_01,P14,1020,BOGOF,75,198,4ca177
fc3f51,STBLR-6,CAMP_SAN_01,P07,300,BOGOF,40,165,fc3f51
f3d93f,STHYD-4,CAMP_DIW_01,P09,110,50% OFF,73,95,f3d93f
792708,STBLR-5,CAMP_SAN_01,P13,350,BOGOF,115,445,792708
4692bf,STMLR-0,CAMP_SAN_01,P04,370,BOGOF,267,731,4692bf
deb3a5,STHYD-2,CAMP_SAN_01,P12,62,50% OFF,52,72,deb3a5
a0dc46,STHYD-3,CAMP_DIW_01,P05,55,25% OFF,129,104,a0dc46
bb447f,STCBE-3,CAMP_SAN_01,P12,62,50% OFF,36,55,bb447f
fa1dd3,STCHE-3,CAMP_SAN_01,P15,3000,500 Cashback,127,367,fa1dd3
837127,STVJD-0,CAMP_DIW_01,P03,156,25% OFF,208,197,837127
6aae63,STMYS-2,CAMP_DIW_01,P13,350,BOGOF,63,189,6aae63
a24528,STVSK-2,CAMP_DIW_01,P05,55,25% OFF,70,62,a24528
4ff977,STVSK-4,CAMP_DIW_01,P15,3000,500 Cashback,292,750,4ff977
3.42E+08,STMDU-3,CAMP_SAN_01,P11,190,50% OFF,34,38,342000000
f8b215,STBLR-4,CAMP_DIW_01,P14,1020,BOGOF,40,138,f8b215
f6c17f,STBLR-0,CAMP_SAN_01,P09,90,25% OFF,54,45,f6c17f
67f756,STHYD-5,CAMP_SAN_01,P13,350,BOGOF,111,441,67f756
d6cc80,STCHE-4,CAMP_DIW_01,P07,300,BOGOF,61,236,d6cc80
9d9a6c,STCBE-1,CAMP_SAN_01,P15,3000,500 Cashback,82,190,9d9a6c
7ae5f8,STCHE-7,CAMP_DIW_01,P11,190,50% OFF,87,114,7ae5f8
fedf26,STMLR-2,CAMP_SAN_01,P10,50,25% OFF,19,15,fedf26
bfdede,STMYS-2,CAMP_SAN_01,P11,190,50% OFF,61,86,bfdede
e2f806,STMDU-1,CAMP_DIW_01,P14,1020,BOGOF,36,126,e2f806
2706c5,STMYS-2,CAMP_DIW_01,P12,62,50% OFF,77,97,2706c5
79f662,STVSK-1,CAMP_SAN_01,P09,90,25% OFF,40,28,79f662
3133f3,STCHE-5,CAMP_SAN_01,P09,90,25% OFF,63,53,3133f3
fd4e7e,STCBE-4,CAMP_SAN_01,P03,200,BOGOF,336,913,fd4e7e
77c6d5,STCHE-1,CAMP_DIW_01,P09,110,50% OFF,59,67,77c6d5
0d23fe,STVSK-4,CAMP_DIW_01,P09,110,50% OFF,63,86,0d23fe
221da2,STCBE-3,CAMP_SAN_01,P15,3000,500 Cashback,91,211,221da2
b1a501,STBLR-0,CAMP_DIW_01,P11,190,50% OFF,80,108,b1a501
4e42b9,STHYD-4,CAMP_SAN_01,P03,200,BOGOF,376,1447,4e42b9
1e5ae7,STCHE-7,CAMP_SAN_01,P09,90,25% OFF,54,51,1e5ae7
078a6a,STMDU-0,CAMP_SAN_01,P09,90,25% OFF,57,47,078a6a
8dca75,STBLR-5,CAMP_DIW_01,P13,350,BOGOF,71,248,8dca75
4eb35e,STCHE-6,CAMP_SAN_01,P04,370,BOGOF,483,1907,4eb35e
73ad85,STHYD-5,CAMP_DIW_01,P05,55,25% OFF,106,102,73ad85
b98ea0,STCHE-3,CAMP_SAN_01,P11,190,50% OFF,48,69,b98ea0
4406de,STVSK-1,CAMP_SAN_01,P11,190,50% OFF,28,40,4406de
e98f37,STBLR-3,CAMP_DIW_01,P08,1190,BOGOF,43,145,e98f37
311946,STBLR-5,CAMP_DIW_01,P05,55,25% OFF,119,107,311946
598637,STCHE-7,CAMP_DIW_01,P09,110,50% OFF,71,90,598637
a2fd0b,STBLR-6,CAMP_DIW_01,P12,62,50% OFF,112,165,a2fd0b
53089f,STTRV-0,CAMP_DIW_01,P07,300,BOGOF,26,87,53089f
82ff02,STMDU-0,CAMP_SAN_01,P10,50,25% OFF,22,18,82ff02
20618e,STCHE-3,CAMP_SAN_01,P04,370,BOGOF,379,1622,20618e
1b6084,STMLR-1,CAMP_DIW_01,P01,172,33% OFF,141,217,1b6084
4cd59b,STVSK-0,CAMP_SAN_01,P09,90,25% OFF,42,35,4cd59b
716a3b,STCHE-5,CAMP_SAN_01,P14,1020,BOGOF,130,514,716a3b
c32fcd,STHYD-3,CAMP_SAN_01,P08,1190,BOGOF,73,192,c32fcd
f517b1,STVSK-4,CAMP_SAN_01,P07,300,BOGOF,33,83,f517b1
f2d468,STTRV-0,CAMP_SAN_01,P03,200,BOGOF,190,741,f2d468
371e1a,STBLR-5,CAMP_DIW_01,P01,172,33% OFF,322,483,371e1a
9bd616,STCHE-0,CAMP_DIW_01,P01,172,33% OFF,330,504,9bd616
1c9eaa,STBLR-6,CAMP_DIW_01,P02,860,33% OFF,367,612,1c9eaa
1b0022,STVSK-0,CAMP_SAN_01,P04,370,BOGOF,370,1457,1b0022
ad2ad4,STMDU-3,CAMP_DIW_01,P04,290,25% OFF,197,175,ad2ad4
fad26a,STCHE-3,CAMP_DIW_01,P01,172,33% OFF,369,546,fad26a
26a18a,STVSK-3,CAMP_SAN_01,P15,3000,500 Cashback,109,192,26a18a
d3d574,STMLR-2,CAMP_SAN_01,P08,1190,BOGOF,16,63,d3d574
0edad5,STTRV-1,CAMP_SAN_01,P13,350,BOGOF,51,205,0edad5
46ee5a,STCBE-3,CAMP_DIW_01,P04,290,25% OFF,246,214,46ee5a
9d3d1f,STCHE-6,CAMP_SAN_01,P15,3000,500 Cashback,147,320,9d3d1f
caa1e1,STCHE-5,CAMP_SAN_01,P03,200,BOGOF,432,1736,caa1e1
7d9576,STBLR-7,CAMP_SAN_01,P15,3000,500 Cashback,120,345,7d9576
59f792,STCHE-4,CAMP_DIW_01,P15,3000,500 Cashback,448,1545,59f792
86206,STHYD-1,CAMP_SAN_01,P14,1020,BOGOF,102,279,86206
457639,STCHE-4,CAMP_SAN_01,P08,1190,BOGOF,54,222,457639
5f18fc,STVJD-1,CAMP_SAN_01,P10,50,25% OFF,18,13,5f18fc
2fe921,STCHE-0,CAMP_SAN_01,P05,55,25% OFF,25,21,2fe921
5760fd,STCBE-1,CAMP_SAN_01,P13,350,BOGOF,87,346,5760fd
715baf,STHYD-3,CAMP_DIW_01,P13,350,BOGOF,82,239,715baf
d04bc1,STCBE-0,CAMP_SAN_01,P09,90,25% OFF,49,46,d04bc1
269cec,STBLR-6,CAMP_SAN_01,P02,860,33% OFF,532,813,269cec
41dc33,STHYD-1,CAMP_SAN_01,P10,50,25% OFF,36,29,41dc33
420258,STVSK-3,CAMP_SAN_01,P14,1020,BOGOF,54,137,420258
005c46,STCBE-2,CAMP_SAN_01,P05,55,25% OFF,18,15,005c46
642b50,STMYS-1,CAMP_DIW_01,P14,1020,BOGOF,36,145,642b50
93118f,STVSK-0,CAMP_SAN_01,P03,200,BOGOF,261,1041,93118f
5e0a8c,STBLR-5,CAMP_SAN_01,P12,62,50% OFF,55,77,5e0a8c
8ba5a1,STBLR-6,CAMP_DIW_01,P09,110,50% OFF,84,131,8ba5a1
eb967c,STMYS-1,CAMP_SAN_01,P15,3000,500 Cashback,133,383,eb967c
726ac4,STBLR-5,CAMP_SAN_01,P04,370,BOGOF,454,1756,726ac4
f8b6ac,STCHE-4,CAMP_DIW_01,P02,860,33% OFF,400,580,f8b6ac
a83e09,STMDU-3,CAMP_SAN_01,P07,300,BOGOF,22,88,a83e09
417902,STMDU-0,CAMP_DIW_01,P08,1190,BOGOF,29,116,417902
3100ef,STBLR-5,CAMP_SAN_01,P09,90,25% OFF,67,56,3100ef
20da13,STBLR-4,CAMP_SAN_01,P07,300,BOGOF,48,185,20da13
380a4f,STCHE-1,CAMP_DIW_01,P08,1190,BOGOF,45,137,380a4f
8c13bb,STBLR-5,CAMP_DIW_01,P08,1190,BOGOF,47,159,8c13bb
d70dcb,STCBE-4,CAMP_SAN_01,P15,3000,500 Cashback,90,146,d70dcb
367337,STCHE-6,CAMP_SAN_01,P09,90,25% OFF,81,60,367337
ff3c54,STCHE-3,CAMP_SAN_01,P05,55,25% OFF,24,19,ff3c54
bae5cb,STVSK-3,CAMP_SAN_01,P11,190,50% OFF,34,39,bae5cb
23ef05,STVSK-0,CAMP_DIW_01,P12,62,50% OFF,78,121,23ef05
49057f,STHYD-0,CAMP_SAN_01,P15,3000,500 Cashback,121,274,49057f
f3de30,STMLR-1,CAMP_SAN_01,P12,62,50% OFF,31,45,f3de30
ac0b1c,STMYS-3,CAMP_SAN_01,P14,1020,BOGOF,78,331,ac0b1c
75c3a0,STBLR-0,CAMP_DIW_01,P13,350,BOGOF,73,282,75c3a0
5715c0,STVSK-1,CAMP_SAN_01,P12,62,50% OFF,46,66,5715c0
e5db3d,STCBE-0,CAMP_DIW_01,P08,1190,BOGOF,29,98,e5db3d
ef61c6,STHYD-2,CAMP_SAN_01,P07,300,BOGOF,48,188,ef61c6
0eb526,STMLR-0,CAMP_DIW_01,P07,300,BOGOF,38,113,0eb526
eb8939,STBLR-9,CAMP_DIW_01,P06,415,25% OFF,91,89,eb8939
316cd1,STMYS-2,CAMP_SAN_01,P07,300,BOGOF,45,122,316cd1
5a94d6,STVSK-0,CAMP_DIW_01,P06,415,25% OFF,64,58,5a94d6
ff8f10,STMDU-0,CAMP_SAN_01,P11,190,50% OFF,34,47,ff8f10
9ff8d2,STBLR-1,CAMP_DIW_01,P06,415,25% OFF,87,82,9ff8d2
0c0926,STMDU-3,CAMP_DIW_01,P08,1190,BOGOF,26,91,0c0926
252235,STHYD-4,CAMP_DIW_01,P07,300,BOGOF,64,223,252235
41d6bd,STCHE-1,CAMP_SAN_01,P03,200,BOGOF,424,1127,41d6bd
73c8f5,STVSK-3,CAMP_DIW_01,P01,172,33% OFF,229,293,73c8f5
1f0eaf,STBLR-6,CAMP_SAN_01,P15,3000,500 Cashback,147,385,1f0eaf
bb62b3,STHYD-6,CAMP_SAN_01,P03,200,BOGOF,378,1459,bb62b3
6c43b6,STMLR-1,CAMP_DIW_01,P07,300,BOGOF,29,97,6c43b6
86ec8d,STMDU-3,CAMP_SAN_01,P04,370,BOGOF,303,1172,86ec8d
35463c,STCBE-0,CAMP_DIW_01,P04,290,25% OFF,211,202,35463c
95f061,STMYS-3,CAMP_SAN_01,P15,3000,500 Cashback,160,443,95f061
693b77,STMLR-0,CAMP_DIW_01,P12,62,50% OFF,70,88,693b77
4ca50a,STHYD-3,CAMP_DIW_01,P08,1190,BOGOF,50,156,4ca50a
01b425,STMYS-3,CAMP_DIW_01,P09,110,50% OFF,68,76,01b425
d3d442,STBLR-5,CAMP_SAN_01,P15,3000,500 Cashback,166,396,d3d442
b17f27,STCBE-0,CAMP_DIW_01,P06,415,25% OFF,59,56,b17f27
be6ab1,STCHE-4,CAMP_SAN_01,P09,90,25% OFF,73,60,be6ab1
cf0ccd,STVSK-1,CAMP_DIW_01,P08,1190,BOGOF,35,117,cf0ccd
d7798b,STMYS-2,CAMP_SAN_01,P02,860,33% OFF,484,677,d7798b
e93b62,STCHE-2,CAMP_SAN_01,P04,370,BOGOF,513,2067,e93b62
65f085,STCHE-4,CAMP_SAN_01,P12,62,50% OFF,60,87,65f085
39d354,STMYS-0,CAMP_DIW_01,P06,415,25% OFF,57,49,39d354
90f2d8,STMDU-2,CAMP_DIW_01,P10,65,50% OFF,61,71,90f2d8
d04c7f,STBLR-9,CAMP_SAN_01,P07,300,BOGOF,40,159,d04c7f
7b51be,STCHE-5,CAMP_SAN_01,P04,370,BOGOF,403,1587,7b51be
68c31e,STBLR-7,CAMP_SAN_01,P08,1190,BOGOF,54,235,68c31e
b6233e,STMLR-2,CAMP_DIW_01,P01,172,33% OFF,175,222,b6233e
4b411a,STVJD-0,CAMP_DIW_01,P15,3000,500 Cashback,218,673,4b411a
dd9914,STVSK-1,CAMP_DIW_01,P10,65,50% OFF,98,132,dd9914
874377,STHYD-3,CAMP_DIW_01,P02,860,33% OFF,365,616,874377
7.83E+87,STMDU-3,CAMP_DIW_01,P14,1020,BOGOF,31,108,7.83E+87
6a1564,STMDU-3,CAMP_DIW_01,P15,3000,500 Cashback,334,1022,6a1564
ac0b82,STMYS-0,CAMP_DIW_01,P04,290,25% OFF,234,205,ac0b82
19d7b5,STMYS-1,CAMP_SAN_01,P03,200,BOGOF,382,1596,19d7b5
9d7bd2,STCHE-5,CAMP_DIW_01,P03,156,25% OFF,413,375,9d7bd2
17edbc,STMYS-1,CAMP_DIW_01,P03,156,25% OFF,281,230,17edbc
38bf1b,STCHE-1,CAMP_SAN_01,P05,55,25% OFF,30,25,38bf1b
4cc388,STBLR-7,CAMP_SAN_01,P02,860,33% OFF,526,799,4cc388
c115da,STCHE-2,CAMP_DIW_01,P13,350,BOGOF,84,293,c115da
1271,STCBE-2,CAMP_SAN_01,P13,350,BOGOF,121,500,1271
3bf731,STVSK-3,CAMP_SAN_01,P04,370,BOGOF,265,673,3bf731
07e4ea,STHYD-6,CAMP_SAN_01,P04,370,BOGOF,486,1890,07e4ea
a1ef43,STTRV-1,CAMP_SAN_01,P12,62,50% OFF,27,38,a1ef43
1cfaa8,STBLR-2,CAMP_SAN_01,P08,1190,BOGOF,43,166,1cfaa8
2eb400,STBLR-5,CAMP_SAN_01,P07,300,BOGOF,52,207,2eb400
cd3392,STCHE-6,CAMP_SAN_01,P07,300,BOGOF,31,123,cd3392
141d98,STCHE-4,CAMP_SAN_01,P03,200,BOGOF,387,1695,141d98
e74698,STBLR-5,CAMP_DIW_01,P14,1020,BOGOF,43,144,e74698
512d92,STCHE-4,CAMP_DIW_01,P09,110,50% OFF,87,115,512d92
ce3c11,STHYD-4,CAMP_DIW_01,P14,1020,BOGOF,52,176,ce3c11
6.20E+94,STMYS-0,CAMP_SAN_01,P08,1190,BOGOF,48,129,6.2E+94
315542,STVJD-1,CAMP_SAN_01,P03,200,BOGOF,183,710,315542
42a404,STCBE-1,CAMP_SAN_01,P12,62,50% OFF,42,48,42a404
7a2a47,STBLR-7,CAMP_DIW_01,P07,300,BOGOF,64,254,7a2a47
ad9ba5,STHYD-5,CAMP_DIW_01,P01,172,33% OFF,337,485,ad9ba5
3080c6,STVSK-4,CAMP_DIW_01,P14,1020,BOGOF,38,114,3080c6
c11cad,STMYS-2,CAMP_SAN_01,P09,90,25% OFF,61,50,c11cad
8a219d,STBLR-8,CAMP_DIW_01,P08,1190,BOGOF,64,218,8a219d
3ec68b,STBLR-1,CAMP_DIW_01,P09,110,50% OFF,73,95,3ec68b
0690d9,STHYD-3,CAMP_DIW_01,P15,3000,500 Cashback,418,1082,0690d9
c7f28c,STBLR-0,CAMP_SAN_01,P15,3000,500 Cashback,144,374,c7f28c
94102d,STBLR-4,CAMP_SAN_01,P12,62,50% OFF,64,92,94102d
74657,STMLR-0,CAMP_DIW_01,P02,860,33% OFF,194,271,74657
f46036,STVSK-4,CAMP_DIW_01,P13,350,BOGOF,61,178,f46036
c74866,STBLR-5,CAMP_DIW_01,P10,65,50% OFF,115,151,c74866
ab6327,STHYD-1,CAMP_SAN_01,P04,370,BOGOF,444,1123,ab6327
41cb8f,STBLR-6,CAMP_DIW_01,P03,156,25% OFF,402,353,41cb8f
9a13a5,STHYD-4,CAMP_DIW_01,P11,190,50% OFF,82,107,9a13a5
cac6b5,STCBE-4,CAMP_SAN_01,P11,190,50% OFF,28,39,cac6b5
2c0a90,STMDU-2,CAMP_SAN_01,P12,62,50% OFF,36,42,2c0a90
7a9ebd,STTRV-0,CAMP_DIW_01,P11,190,50% OFF,33,42,7a9ebd
19352c,STBLR-4,CAMP_SAN_01,P02,860,33% OFF,501,701,19352c
415f7e,STVSK-2,CAMP_SAN_01,P07,300,BOGOF,24,93,415f7e
5c7b20,STCBE-4,CAMP_DIW_01,P05,55,25% OFF,101,89,5c7b20
c6693c,STBLR-1,CAMP_SAN_01,P04,370,BOGOF,413,1102,c6693c
0f750a,STBLR-0,CAMP_SAN_01,P02,860,33% OFF,451,613,0f750a
d31554,STMDU-2,CAMP_DIW_01,P05,55,25% OFF,80,70,d31554
7151bb,STBLR-6,CAMP_DIW_01,P13,350,BOGOF,98,372,7151bb
8f9cc5,STMLR-1,CAMP_DIW_01,P08,1190,BOGOF,29,100,8f9cc5
d81627,STCBE-2,CAMP_SAN_01,P04,370,BOGOF,355,1508,d81627
6e5da9,STVJD-0,CAMP_SAN_01,P11,190,50% OFF,25,35,6e5da9
6e412f,STBLR-7,CAMP_SAN_01,P06,415,25% OFF,34,28,6e412f
b110d3,STCBE-3,CAMP_SAN_01,P06,415,25% OFF,18,14,b110d3
c2ee4f,STVSK-3,CAMP_SAN_01,P13,350,BOGOF,58,148,c2ee4f
e45c30,STMDU-1,CAMP_DIW_01,P06,415,25% OFF,70,63,e45c30
353060,STBLR-7,CAMP_SAN_01,P11,190,50% OFF,45,73,353060
461ad4,STTRV-1,CAMP_DIW_01,P09,110,50% OFF,42,55,461ad4
cbf0ad,STCHE-6,CAMP_SAN_01,P03,200,BOGOF,358,1410,cbf0ad
207744,STBLR-0,CAMP_SAN_01,P12,62,50% OFF,52,75,207744
ff02ae,STCBE-3,CAMP_DIW_01,P11,190,50% OFF,66,102,ff02ae
6cb844,STBLR-3,CAMP_SAN_01,P10,50,25% OFF,28,21,6cb844
2b41a0,STBLR-3,CAMP_SAN_01,P02,860,33% OFF,450,634,2b41a0
a50d87,STCBE-3,CAMP_DIW_01,P10,65,50% OFF,82,122,a50d87
18810a,STMYS-1,CAMP_DIW_01,P02,860,33% OFF,395,711,18810a
608271,STMDU-0,CAMP_SAN_01,P15,3000,500 Cashback,122,342,608271
edacb9,STCHE-3,CAMP_DIW_01,P10,65,50% OFF,119,154,edacb9
ce95b1,STCHE-2,CAMP_DIW_01,P12,62,50% OFF,119,138,ce95b1
6ae240,STBLR-4,CAMP_SAN_01,P13,350,BOGOF,94,371,6ae240
e2f6b2,STCHE-1,CAMP_DIW_01,P15,3000,500 Cashback,316,859,e2f6b2
6b0ee6,STMDU-1,CAMP_DIW_01,P07,300,BOGOF,47,157,6b0ee6
0aefa5,STVSK-3,CAMP_SAN_01,P06,415,25% OFF,33,27,0aefa5
0f3f34,STCHE-1,CAMP_DIW_01,P06,415,25% OFF,99,87,0f3f34
ed7b12,STVSK-0,CAMP_SAN_01,P10,50,25% OFF,16,13,ed7b12
debbd7,STCBE-0,CAMP_SAN_01,P11,190,50% OFF,45,72,debbd7
2b8abd,STCHE-2,CAMP_SAN_01,P14,1020,BOGOF,105,407,2b8abd
0da7fd,STVSK-0,CAMP_SAN_01,P02,860,33% OFF,408,632,0da7fd
d58c29,STVSK-2,CAMP_SAN_01,P08,1190,BOGOF,27,107,d58c29
861506,STCHE-6,CAMP_DIW_01,P03,156,25% OFF,334,260,861506
fd48ff,STCBE-0,CAMP_SAN_01,P04,370,BOGOF,367,1423,fd48ff
7912c8,STVSK-3,CAMP_SAN_01,P05,55,25% OFF,19,15,7912c8
1768c2,STHYD-0,CAMP_DIW_01,P02,860,33% OFF,367,601,1768c2
61089e,STHYD-5,CAMP_SAN_01,P04,370,BOGOF,412,1615,61089e
e5e244,STBLR-5,CAMP_DIW_01,P02,860,33% OFF,351,526,e5e244
1f8bc3,STCBE-2,CAMP_DIW_01,P01,172,33% OFF,190,313,1f8bc3
5.00E+300,STVJD-1,CAMP_DIW_01,P14,1020,BOGOF,24,80,5E+300
e8d896,STCHE-1,CAMP_SAN_01,P10,50,25% OFF,40,33,e8d896
2dd3f7,STHYD-4,CAMP_DIW_01,P03,156,25% OFF,341,327,2dd3f7
b7db9e,STHYD-4,CAMP_DIW_01,P05,55,25% OFF,106,101,b7db9e
13d333,STCHE-7,CAMP_SAN_01,P01,172,33% OFF,256,358,13d333
77435f,STBLR-3,CAMP_SAN_01,P01,172,33% OFF,277,387,77435f
3181a7,STCBE-1,CAMP_SAN_01,P11,190,50% OFF,28,31,3181a7
3ea719,STBLR-7,CAMP_DIW_01,P02,860,33% OFF,336,577,3ea719
3d8361,STMYS-1,CAMP_DIW_01,P08,1190,BOGOF,47,184,3d8361
0d853d,STHYD-4,CAMP_SAN_01,P02,860,33% OFF,594,819,0d853d
4d9f1a,STCBE-1,CAMP_DIW_01,P09,110,50% OFF,59,69,4d9f1a
ea384f,STBLR-7,CAMP_SAN_01,P10,50,25% OFF,40,33,ea384f
9fcb92,STMDU-2,CAMP_DIW_01,P15,3000,500 Cashback,315,976,9fcb92
b97eb0,STBLR-2,CAMP_SAN_01,P11,190,50% OFF,49,68,b97eb0
90110c,STHYD-0,CAMP_SAN_01,P04,370,BOGOF,412,1615,90110c
72eed8,STHYD-4,CAMP_DIW_01,P04,290,25% OFF,376,360,72eed8
d552e3,STMDU-3,CAMP_SAN_01,P12,62,50% OFF,45,53,d552e3
74399f,STMYS-3,CAMP_DIW_01,P13,350,BOGOF,73,282,74399f
f9b0ef,STVJD-0,CAMP_DIW_01,P05,55,25% OFF,56,54,f9b0ef
b838cd,STTRV-1,CAMP_DIW_01,P01,172,33% OFF,147,214,b838cd
191614,STMYS-3,CAMP_DIW_01,P10,65,50% OFF,103,109,191614
15265d,STCHE-5,CAMP_SAN_01,P12,62,50% OFF,58,65,15265d
166989,STCBE-1,CAMP_SAN_01,P01,172,33% OFF,169,206,166989
18f69b,STMLR-2,CAMP_DIW_01,P10,65,50% OFF,61,68,18f69b
2cc7f0,STMDU-3,CAMP_SAN_01,P02,860,33% OFF,457,548,2cc7f0
f65a1e,STVSK-4,CAMP_DIW_01,P04,290,25% OFF,255,196,f65a1e
bff226,STCBE-1,CAMP_DIW_01,P06,415,25% OFF,57,44,bff226
d0356d,STCHE-0,CAMP_DIW_01,P08,1190,BOGOF,45,152,d0356d
262ff3,STVSK-0,CAMP_DIW_01,P13,350,BOGOF,47,161,262ff3
0953d7,STVSK-1,CAMP_SAN_01,P02,860,33% OFF,387,530,0953d7
d2a08d,STCHE-5,CAMP_DIW_01,P10,65,50% OFF,141,157,d2a08d
d33904,STMYS-3,CAMP_DIW_01,P07,300,BOGOF,59,233,d33904
13fd74,STMDU-3,CAMP_DIW_01,P05,55,25% OFF,64,58,13fd74
c3ae5a,STBLR-1,CAMP_SAN_01,P11,190,50% OFF,39,55,c3ae5a
2384f8,STMYS-0,CAMP_DIW_01,P09,110,50% OFF,70,87,2384f8
14f79d,STVSK-1,CAMP_DIW_01,P04,290,25% OFF,252,196,14f79d
89bbca,STCBE-4,CAMP_DIW_01,P13,350,BOGOF,42,128,89bbca
61f82c,STBLR-5,CAMP_DIW_01,P11,190,50% OFF,63,81,61f82c
bcad3c,STMDU-0,CAMP_DIW_01,P01,172,33% OFF,201,305,bcad3c
2749b0,STCHE-5,CAMP_SAN_01,P11,190,50% OFF,34,39,2749b0
9ce293,STMDU-1,CAMP_SAN_01,P03,200,BOGOF,255,1009,9ce293
93dff2,STBLR-3,CAMP_DIW_01,P03,156,25% OFF,390,308,93dff2
339bf7,STCHE-5,CAMP_DIW_01,P05,55,25% OFF,127,109,339bf7
5c8834,STBLR-2,CAMP_SAN_01,P05,55,25% OFF,24,19,5c8834
4162d7,STHYD-2,CAMP_DIW_01,P05,55,25% OFF,110,86,4162d7
60170c,STHYD-4,CAMP_DIW_01,P08,1190,BOGOF,63,208,60170c
4fbcf6,STHYD-1,CAMP_SAN_01,P06,415,25% OFF,27,22,4fbcf6
1f1b71,STMDU-3,CAMP_SAN_01,P01,172,33% OFF,214,267,1f1b71
96a556,STBLR-1,CAMP_DIW_01,P02,860,33% OFF,358,537,96a556
6846a8,STVSK-0,CAMP_DIW_01,P04,290,25% OFF,201,174,6846a8
0a453f,STMYS-0,CAMP_DIW_01,P03,156,25% OFF,301,264,0a453f
fcee36,STMYS-0,CAMP_SAN_01,P12,62,50% OFF,66,92,fcee36
58ce38,STBLR-3,CAMP_SAN_01,P13,350,BOGOF,118,455,58ce38
4a5884,STHYD-0,CAMP_SAN_01,P12,62,50% OFF,57,90,4a5884
e7769b,STHYD-5,CAMP_DIW_01,P15,3000,500 Cashback,357,1046,e7769b
27c86c,STBLR-2,CAMP_DIW_01,P06,415,25% OFF,92,81,27c86c
f35446,STTRV-0,CAMP_DIW_01,P09,110,50% OFF,33,43,f35446
4a42f9,STBLR-7,CAMP_DIW_01,P08,1190,BOGOF,49,186,4a42f9
9413a7,STHYD-3,CAMP_DIW_01,P11,190,50% OFF,80,124,9413a7
b97dfe,STBLR-2,CAMP_DIW_01,P07,300,BOGOF,56,196,b97dfe
950a84,STBLR-9,CAMP_SAN_01,P11,190,50% OFF,52,73,950a84
686a37,STBLR-0,CAMP_SAN_01,P14,1020,BOGOF,85,350,686a37
f0500d,STCHE-6,CAMP_DIW_01,P09,110,50% OFF,66,82,f0500d
c16abb,STCHE-7,CAMP_SAN_01,P08,1190,BOGOF,42,186,c16abb
581ca5,STMDU-0,CAMP_SAN_01,P13,350,BOGOF,90,371,581ca5
36968d,STMDU-1,CAMP_SAN_01,P02,860,33% OFF,289,404,36968d
f8a417,STCBE-4,CAMP_SAN_01,P12,62,50% OFF,37,53,f8a417
400cab,STCHE-4,CAMP_SAN_01,P02,860,33% OFF,642,918,400cab
ef7122,STMLR-1,CAMP_DIW_01,P15,3000,500 Cashback,211,614,ef7122
66b476,STBLR-6,CAMP_DIW_01,P10,65,50% OFF,103,160,66b476
5bbf38,STBLR-0,CAMP_DIW_01,P09,110,50% OFF,78,104,5bbf38
e67501,STVSK-4,CAMP_SAN_01,P13,350,BOGOF,85,215,e67501
3.14E+36,STCBE-4,CAMP_DIW_01,P04,290,25% OFF,252,226,3.14E+36
98d4e3,STMLR-2,CAMP_SAN_01,P13,350,BOGOF,70,281,98d4e3
60229b,STCBE-3,CAMP_DIW_01,P01,172,33% OFF,241,404,60229b
35a25f,STBLR-9,CAMP_DIW_01,P11,190,50% OFF,75,98,35a25f
4cf56a,STBLR-9,CAMP_DIW_01,P04,290,25% OFF,311,304,4cf56a
4d3722,STMLR-0,CAMP_DIW_01,P04,290,25% OFF,175,150,4d3722
5e59a1,STTRV-0,CAMP_SAN_01,P05,55,25% OFF,12,11,5e59a1
0f8686,STVSK-0,CAMP_SAN_01,P07,300,BOGOF,24,92,0f8686
c092d4,STBLR-4,CAMP_DIW_01,P07,300,BOGOF,70,243,c092d4
24541f,STBLR-1,CAMP_SAN_01,P13,350,BOGOF,111,290,24541f
8.31E+08,STCBE-2,CAMP_DIW_01,P08,1190,BOGOF,33,129,831000000
ebbe5d,STCHE-2,CAMP_SAN_01,P06,415,25% OFF,25,22,ebbe5d
2ae8b8,STCBE-2,CAMP_SAN_01,P10,50,25% OFF,22,18,2ae8b8
dafaa4,STVJD-1,CAMP_SAN_01,P05,55,25% OFF,13,9,dafaa4
4f757f,STMYS-1,CAMP_SAN_01,P13,350,BOGOF,129,540,4f757f
0894b7,STCHE-3,CAMP_SAN_01,P08,1190,BOGOF,46,203,0894b7
a80b87,STVSK-0,CAMP_DIW_01,P11,190,50% OFF,49,76,a80b87
3f9b4d,STHYD-5,CAMP_SAN_01,P09,90,25% OFF,66,62,3f9b4d
6ed2f5,STBLR-4,CAMP_DIW_01,P13,350,BOGOF,84,285,6ed2f5
1.53E+07,STCHE-7,CAMP_SAN_01,P12,62,50% OFF,67,95,15300000
855f49,STBLR-3,CAMP_SAN_01,P04,370,BOGOF,481,1890,855f49
4a8c38,STCHE-0,CAMP_SAN_01,P04,370,BOGOF,469,1861,4a8c38
1a1a02,STBLR-0,CAMP_SAN_01,P04,370,BOGOF,465,2064,1a1a02
1a4a61,STCHE-1,CAMP_SAN_01,P06,415,25% OFF,36,29,1a4a61
aeed36,STBLR-6,CAMP_SAN_01,P12,62,50% OFF,54,83,aeed36
e23132,STVJD-0,CAMP_DIW_01,P08,1190,BOGOF,26,86,e23132
d76198,STCHE-4,CAMP_DIW_01,P08,1190,BOGOF,54,213,d76198
0ae76a,STMLR-1,CAMP_SAN_01,P11,190,50% OFF,21,30,0ae76a
ce39e4,STMLR-1,CAMP_DIW_01,P13,350,BOGOF,42,145,ce39e4
8869,STCBE-4,CAMP_SAN_01,P13,350,BOGOF,75,200,8869
fcf54a,STCHE-7,CAMP_DIW_01,P04,290,25% OFF,348,334,fcf54a
0b9826,STHYD-6,CAMP_DIW_01,P11,190,50% OFF,57,71,0b9826
fbab9b,STMYS-1,CAMP_DIW_01,P01,172,33% OFF,334,591,fbab9b
e2c229,STTRV-1,CAMP_SAN_01,P15,3000,500 Cashback,54,125,e2c229
2e48c4,STVSK-0,CAMP_DIW_01,P09,110,50% OFF,50,76,2e48c4
171bbb,STTRV-0,CAMP_SAN_01,P15,3000,500 Cashback,79,171,171bbb
ace471,STMDU-0,CAMP_SAN_01,P04,370,BOGOF,273,1201,ace471
a26e60,STTRV-1,CAMP_DIW_01,P13,350,BOGOF,36,122,a26e60
cb43c4,STCHE-0,CAMP_SAN_01,P14,1020,BOGOF,106,424,cb43c4
ba72b1,STMDU-1,CAMP_SAN_01,P05,55,25% OFF,15,12,ba72b1
e89f85,STCBE-1,CAMP_SAN_01,P05,55,25% OFF,25,18,e89f85
c95efb,STBLR-7,CAMP_DIW_01,P15,3000,500 Cashback,416,1389,c95efb
dec49d,STMDU-2,CAMP_SAN_01,P05,55,25% OFF,21,17,dec49d
a5800c,STMYS-3,CAMP_SAN_01,P12,62,50% OFF,60,67,a5800c
5d5637,STCHE-0,CAMP_DIW_01,P09,110,50% OFF,94,119,5d5637
f9d2c6,STBLR-9,CAMP_SAN_01,P14,1020,BOGOF,111,429,f9d2c6
0ee55a,STHYD-5,CAMP_DIW_01,P06,415,25% OFF,82,80,0ee55a
1192bc,STCBE-4,CAMP_DIW_01,P11,190,50% OFF,59,79,1192bc
be65d7,STTRV-0,CAMP_DIW_01,P12,62,50% OFF,54,68,be65d7
6bb477,STHYD-1,CAMP_DIW_01,P04,290,25% OFF,318,276,6bb477
a2d32f,STVSK-3,CAMP_SAN_01,P09,90,25% OFF,39,31,a2d32f
5f29e7,STMLR-1,CAMP_DIW_01,P12,62,50% OFF,71,90,5f29e7
802dfa,STBLR-3,CAMP_SAN_01,P07,300,BOGOF,54,217,802dfa
0b38d9,STMYS-3,CAMP_DIW_01,P08,1190,BOGOF,29,115,0b38d9
f013a9,STMYS-2,CAMP_SAN_01,P14,1020,BOGOF,105,276,f013a9
ea916f,STTRV-0,CAMP_SAN_01,P10,50,25% OFF,18,16,ea916f
2.70E+61,STHYD-1,CAMP_DIW_01,P05,55,25% OFF,110,96,2.7E+61
bd3f78,STHYD-0,CAMP_DIW_01,P11,190,50% OFF,68,104,bd3f78
feadc3,STCBE-0,CAMP_SAN_01,P05,55,25% OFF,21,19,feadc3
f41256,STMLR-1,CAMP_SAN_01,P15,3000,500 Cashback,58,128,f41256
f25735,STBLR-3,CAMP_DIW_01,P09,110,50% OFF,66,85,f25735
5729c0,STMYS-2,CAMP_SAN_01,P04,370,BOGOF,240,636,5729c0
cf4f71,STHYD-0,CAMP_SAN_01,P01,172,33% OFF,250,382,cf4f71
60ba75,STVJD-0,CAMP_SAN_01,P13,350,BOGOF,60,234,60ba75
6bce12,STMYS-0,CAMP_SAN_01,P07,300,BOGOF,46,120,6bce12
25902,STMYS-2,CAMP_DIW_01,P11,190,50% OFF,70,93,25902
1dd472,STMLR-1,CAMP_SAN_01,P04,370,BOGOF,220,886,1dd472
f94f2f,STTRV-1,CAMP_DIW_01,P08,1190,BOGOF,28,92,f94f2f
802b3c,STBLR-1,CAMP_DIW_01,P15,3000,500 Cashback,369,1007,802b3c
4aa7ef,STHYD-1,CAMP_DIW_01,P07,300,BOGOF,59,176,4aa7ef
4e0e90,STVSK-2,CAMP_DIW_01,P12,62,50% OFF,80,124,4e0e90
9155d1,STTRV-1,CAMP_DIW_01,P11,190,50% OFF,33,43,9155d1
f1421a,STMDU-2,CAMP_SAN_01,P09,90,25% OFF,49,39,f1421a
fb29d7,STMYS-3,CAMP_SAN_01,P06,415,25% OFF,28,23,fb29d7
18c9f4,STBLR-1,CAMP_DIW_01,P03,156,25% OFF,385,369,18c9f4
2abe5e,STCHE-6,CAMP_SAN_01,P06,415,25% OFF,40,28,2abe5e
4a77da,STMLR-0,CAMP_SAN_01,P02,860,33% OFF,243,332,4a77da
d46611,STMLR-2,CAMP_DIW_01,P05,55,25% OFF,47,40,d46611
30b66a,STBLR-7,CAMP_DIW_01,P11,190,50% OFF,84,131,30b66a
e0a83a,STBLR-8,CAMP_DIW_01,P07,300,BOGOF,63,221,e0a83a
e78335,STMDU-1,CAMP_DIW_01,P03,156,25% OFF,281,244,e78335
a16acc,STBLR-4,CAMP_SAN_01,P11,190,50% OFF,43,59,a16acc
250dee,STCHE-0,CAMP_SAN_01,P01,172,33% OFF,237,341,250dee
62769f,STMDU-3,CAMP_SAN_01,P05,55,25% OFF,16,12,62769f
8d7458,STCBE-1,CAMP_DIW_01,P12,62,50% OFF,98,109,8d7458
6bf19b,STTRV-1,CAMP_DIW_01,P04,290,25% OFF,169,160,6bf19b
10a8b7,STMYS-2,CAMP_SAN_01,P12,62,50% OFF,61,87,10a8b7
bcffbb,STCBE-0,CAMP_DIW_01,P11,190,50% OFF,36,56,bcffbb
bea96f,STVSK-2,CAMP_SAN_01,P14,1020,BOGOF,64,250,bea96f
ebd35e,STBLR-8,CAMP_DIW_01,P04,290,25% OFF,323,251,ebd35e
b7f012,STMYS-2,CAMP_SAN_01,P15,3000,500 Cashback,118,208,b7f012
b79118,STVSK-3,CAMP_DIW_01,P04,290,25% OFF,236,210,b79118
657a95,STCHE-4,CAMP_DIW_01,P12,62,50% OFF,126,168,657a95
f41ca1,STCBE-2,CAMP_DIW_01,P07,300,BOGOF,42,166,f41ca1
4d8607,STCHE-0,CAMP_DIW_01,P03,156,25% OFF,323,293,4d8607
ffcda1,STVJD-0,CAMP_DIW_01,P11,190,50% OFF,42,55,ffcda1
c6e3ae,STCHE-0,CAMP_SAN_01,P13,350,BOGOF,117,457,c6e3ae
a9d059,STCHE-7,CAMP_DIW_01,P14,1020,BOGOF,50,202,a9d059
f21f4c,STVSK-3,CAMP_DIW_01,P09,110,50% OFF,50,58,f21f4c
de0a50,STCHE-7,CAMP_SAN_01,P05,55,25% OFF,28,26,de0a50
eae38f,STVJD-1,CAMP_SAN_01,P13,350,BOGOF,73,286,eae38f
1c7c7f,STBLR-8,CAMP_DIW_01,P14,1020,BOGOF,52,178,1c7c7f
7f6f08,STBLR-7,CAMP_SAN_01,P05,55,25% OFF,24,20,7f6f08
f63299,STVSK-0,CAMP_DIW_01,P02,860,33% OFF,301,526,f63299
cfeac1,STHYD-6,CAMP_SAN_01,P14,1020,BOGOF,100,396,cfeac1
15b3a7,STMYS-3,CAMP_DIW_01,P05,55,25% OFF,94,84,15b3a7
8e6e77,STBLR-0,CAMP_SAN_01,P08,1190,BOGOF,37,156,8e6e77
fc2f67,STBLR-5,CAMP_SAN_01,P06,415,25% OFF,34,27,fc2f67
ac6273,STHYD-2,CAMP_DIW_01,P01,172,33% OFF,281,435,ac6273
e5804e,STHYD-0,CAMP_DIW_01,P01,172,33% OFF,316,521,e5804e
32b8a7,STBLR-2,CAMP_DIW_01,P03,156,25% OFF,378,343,32b8a7
3f2255,STBLR-3,CAMP_DIW_01,P02,860,33% OFF,381,563,3f2255
75f9b8,STCHE-4,CAMP_SAN_01,P06,415,25% OFF,27,22,75f9b8
df380c,STBLR-5,CAMP_SAN_01,P05,55,25% OFF,25,21,df380c
3a1cad,STMDU-3,CAMP_DIW_01,P12,62,50% OFF,87,93,3a1cad
d730ac,STCHE-0,CAMP_SAN_01,P06,415,25% OFF,31,26,d730ac
8aa62d,STCHE-2,CAMP_SAN_01,P12,62,50% OFF,67,74,8aa62d
fd788c,STVSK-1,CAMP_DIW_01,P11,190,50% OFF,43,58,fd788c
fb9e95,STBLR-5,CAMP_DIW_01,P12,62,50% OFF,141,179,fb9e95
cefb49,STMYS-3,CAMP_DIW_01,P02,860,33% OFF,322,386,cefb49
f0365e,STCHE-2,CAMP_DIW_01,P09,110,50% OFF,85,90,f0365e
1809f2,STVSK-4,CAMP_SAN_01,P06,415,25% OFF,22,15,1809f2
2e3594,STMDU-0,CAMP_DIW_01,P13,350,BOGOF,61,237,2e3594
e0ef00,STBLR-9,CAMP_SAN_01,P03,200,BOGOF,309,1226,e0ef00
46917a,STVSK-3,CAMP_DIW_01,P12,62,50% OFF,105,115,46917a
63a2d2,STCHE-3,CAMP_DIW_01,P08,1190,BOGOF,47,186,63a2d2
6ae178,STCHE-7,CAMP_SAN_01,P10,50,25% OFF,30,28,6ae178
367e8d,STCBE-2,CAMP_SAN_01,P07,300,BOGOF,30,123,367e8d
0a3c5c,STMDU-1,CAMP_DIW_01,P13,350,BOGOF,47,163,0a3c5c
d1bfe5,STMDU-2,CAMP_DIW_01,P02,860,33% OFF,301,385,d1bfe5
9faad8,STHYD-0,CAMP_SAN_01,P09,90,25% OFF,54,44,9faad8
5947fb,STBLR-9,CAMP_SAN_01,P15,3000,500 Cashback,118,251,5947fb
e7f270,STVSK-0,CAMP_SAN_01,P01,172,33% OFF,211,322,e7f270
06749d,STMDU-2,CAMP_DIW_01,P09,110,50% OFF,47,54,06749d
eb4f04,STMLR-0,CAMP_SAN_01,P15,3000,500 Cashback,54,89,eb4f04
ff9fa7,STBLR-9,CAMP_SAN_01,P06,415,25% OFF,43,40,ff9fa7
669d35,STCHE-1,CAMP_DIW_01,P12,62,50% OFF,108,124,669d35
546cc3,STHYD-3,CAMP_SAN_01,P01,172,33% OFF,312,483,546cc3
e7bb4f,STMDU-2,CAMP_DIW_01,P13,350,BOGOF,45,148,e7bb4f
c4006c,STCBE-3,CAMP_DIW_01,P15,3000,500 Cashback,243,724,c4006c
8e1636,STBLR-4,CAMP_SAN_01,P15,3000,500 Cashback,109,249,8e1636
284539,STCHE-3,CAMP_SAN_01,P03,200,BOGOF,384,1678,284539
84aa9b,STCHE-0,CAMP_SAN_01,P02,860,33% OFF,424,580,84aa9b
fe1a8b,STBLR-8,CAMP_SAN_01,P15,3000,500 Cashback,126,278,fe1a8b
440bd9,STBLR-0,CAMP_SAN_01,P13,350,BOGOF,129,528,440bd9
63ef11,STCBE-4,CAMP_SAN_01,P09,90,25% OFF,46,38,63ef11
0312a8,STCHE-7,CAMP_DIW_01,P15,3000,500 Cashback,393,1375,0312a8
4b8e08,STHYD-1,CAMP_SAN_01,P11,190,50% OFF,37,41,4b8e08
b94bda,STMYS-0,CAMP_DIW_01,P13,350,BOGOF,56,168,b94bda
0c0339,STHYD-2,CAMP_DIW_01,P07,300,BOGOF,64,211,0c0339
c5176d,STCBE-2,CAMP_SAN_01,P01,172,33% OFF,196,307,c5176d
b5b0f5,STCBE-0,CAMP_SAN_01,P02,860,33% OFF,399,586,b5b0f5
66f526,STVJD-0,CAMP_SAN_01,P10,50,25% OFF,18,16,66f526
3153d6,STCBE-4,CAMP_SAN_01,P02,860,33% OFF,396,558,3153d6
a3caaa,STCHE-0,CAMP_DIW_01,P10,65,50% OFF,126,167,a3caaa
2c7cc7,STBLR-1,CAMP_SAN_01,P10,50,25% OFF,28,24,2c7cc7
bed694,STTRV-1,CAMP_SAN_01,P10,50,25% OFF,15,14,bed694
817b4f,STCHE-5,CAMP_DIW_01,P11,190,50% OFF,78,92,817b4f
d0daaa,STMDU-1,CAMP_SAN_01,P14,1020,BOGOF,63,244,d0daaa
bb974d,STBLR-2,CAMP_SAN_01,P03,200,BOGOF,307,1200,bb974d
e025ee,STVSK-1,CAMP_SAN_01,P07,300,BOGOF,27,107,e025ee
0f5588,STMYS-3,CAMP_DIW_01,P03,156,25% OFF,378,332,0f5588
2e0950,STBLR-0,CAMP_DIW_01,P05,55,25% OFF,133,114,2e0950
62e500,STCHE-7,CAMP_DIW_01,P01,172,33% OFF,346,505,62e500
37cb7c,STCHE-0,CAMP_DIW_01,P13,350,BOGOF,61,203,37cb7c
543c36,STHYD-4,CAMP_SAN_01,P07,300,BOGOF,58,225,543c36
d41d53,STCHE-5,CAMP_DIW_01,P01,172,33% OFF,334,424,d41d53
5f65df,STCHE-2,CAMP_SAN_01,P13,350,BOGOF,105,423,5f65df
9acfa3,STCHE-0,CAMP_DIW_01,P12,62,50% OFF,115,154,9acfa3
f94d7b,STMDU-2,CAMP_SAN_01,P13,350,BOGOF,96,377,f94d7b
75f30e,STCHE-2,CAMP_SAN_01,P15,3000,500 Cashback,117,251,75f30e
b6b840,STCBE-1,CAMP_DIW_01,P02,860,33% OFF,244,312,b6b840
7b49ce,STVJD-1,CAMP_DIW_01,P15,3000,500 Cashback,224,685,7b49ce
a107c4,STVJD-0,CAMP_SAN_01,P05,55,25% OFF,16,14,a107c4
4858ab,STBLR-7,CAMP_SAN_01,P14,1020,BOGOF,124,514,4858ab
00a7c3,STTRV-1,CAMP_SAN_01,P02,860,33% OFF,231,314,00a7c3
fe68f2,STBLR-2,CAMP_SAN_01,P01,172,33% OFF,304,428,fe68f2
c8e17c,STMLR-1,CAMP_DIW_01,P02,860,33% OFF,166,252,c8e17c
8376c6,STHYD-5,CAMP_SAN_01,P01,172,33% OFF,336,467,8376c6
bf49bf,STCHE-4,CAMP_SAN_01,P14,1020,BOGOF,111,473,bf49bf
aa54a7,STHYD-1,CAMP_DIW_01,P13,350,BOGOF,91,281,aa54a7
4aa530,STMYS-0,CAMP_DIW_01,P02,860,33% OFF,465,674,4aa530
5a4d9d,STCHE-1,CAMP_SAN_01,P02,860,33% OFF,468,599,5a4d9d
ce68be,STCHE-3,CAMP_SAN_01,P01,172,33% OFF,310,421,ce68be
9acae6,STMYS-0,CAMP_DIW_01,P05,55,25% OFF,73,65,9acae6
2ba1ba,STCHE-7,CAMP_SAN_01,P13,350,BOGOF,106,454,2ba1ba
6909d3,STBLR-2,CAMP_DIW_01,P02,860,33% OFF,390,585,6909d3
d5769b,STCBE-2,CAMP_SAN_01,P09,90,25% OFF,42,34,d5769b
c0d022,STBLR-6,CAMP_SAN_01,P06,415,25% OFF,33,28,c0d022
5.80E+27,STMYS-2,CAMP_DIW_01,P07,300,BOGOF,73,215,5.8E+27
ebbbb9,STVSK-1,CAMP_SAN_01,P05,55,25% OFF,19,14,ebbbb9
14ff29,STBLR-3,CAMP_SAN_01,P11,190,50% OFF,43,62,14ff29
f39a0c,STHYD-3,CAMP_SAN_01,P09,90,25% OFF,49,37,f39a0c
5bc324,STTRV-1,CAMP_DIW_01,P14,1020,BOGOF,19,66,5bc324
87564a,STCHE-6,CAMP_DIW_01,P04,290,25% OFF,346,269,87564a
6ba4b5,STMDU-0,CAMP_SAN_01,P05,55,25% OFF,15,12,6ba4b5
7cf9ef,STMDU-3,CAMP_DIW_01,P11,190,50% OFF,66,71,7cf9ef
91649,STMDU-1,CAMP_SAN_01,P13,350,BOGOF,73,287,91649
bfc9da,STBLR-9,CAMP_SAN_01,P04,370,BOGOF,387,1509,bfc9da
788131,STBLR-3,CAMP_DIW_01,P10,65,50% OFF,108,145,788131
9ebcf9,STVSK-4,CAMP_DIW_01,P10,65,50% OFF,80,109,9ebcf9
b60e6a,STBLR-6,CAMP_SAN_01,P09,90,25% OFF,63,51,b60e6a
c3b511,STCBE-3,CAMP_SAN_01,P14,1020,BOGOF,75,297,c3b511
de6e7e,STVSK-1,CAMP_SAN_01,P15,3000,500 Cashback,88,186,de6e7e
8f80ed,STVSK-3,CAMP_DIW_01,P11,190,50% OFF,52,57,8f80ed
a298bc,STVJD-1,CAMP_DIW_01,P07,300,BOGOF,33,109,a298bc
003c65,STBLR-9,CAMP_SAN_01,P13,350,BOGOF,114,457,003c65
5f313a,STCHE-2,CAMP_DIW_01,P10,65,50% OFF,124,135,5f313a
4f1bb6,STMYS-0,CAMP_SAN_01,P11,190,50% OFF,46,63,4f1bb6
cd4c5a,STMLR-0,CAMP_SAN_01,P09,90,25% OFF,34,28,cd4c5a
6.59E+23,STVJD-0,CAMP_SAN_01,P01,172,33% OFF,186,252,6.59E+23
5abaf9,STCHE-3,CAMP_SAN_01,P07,300,BOGOF,37,155,5abaf9
bb83e5,STMDU-2,CAMP_DIW_01,P08,1190,BOGOF,40,133,bb83e5
531a22,STBLR-3,CAMP_DIW_01,P11,190,50% OFF,71,90,531a22
fe1c63,STMYS-3,CAMP_DIW_01,P11,190,50% OFF,71,76,fe1c63
6046fa,STBLR-4,CAMP_DIW_01,P12,62,50% OFF,141,180,6046fa
ef95a9,STBLR-3,CAMP_DIW_01,P13,350,BOGOF,87,298,ef95a9
16fb87,STBLR-2,CAMP_SAN_01,P10,50,25% OFF,37,31,16fb87
be3489,STHYD-3,CAMP_DIW_01,P14,1020,BOGOF,38,119,be3489
c4a484,STMYS-2,CAMP_DIW_01,P01,172,33% OFF,295,454,c4a484
fb70b4,STCHE-2,CAMP_DIW_01,P03,156,25% OFF,355,347,fb70b4
1bfbb8,STCHE-7,CAMP_DIW_01,P12,62,50% OFF,171,222,1bfbb8
a6276f,STCHE-4,CAMP_DIW_01,P14,1020,BOGOF,56,224,a6276f
f95092,STVSK-1,CAMP_SAN_01,P13,350,BOGOF,124,500,f95092
da99ec,STCHE-5,CAMP_DIW_01,P14,1020,BOGOF,54,184,da99ec
9c2c14,STVSK-0,CAMP_DIW_01,P14,1020,BOGOF,29,97,9c2c14
11971a,STHYD-2,CAMP_SAN_01,P11,190,50% OFF,45,62,11971a
3426bd,STCBE-0,CAMP_DIW_01,P10,65,50% OFF,80,124,3426bd
46021e,STCHE-1,CAMP_SAN_01,P07,300,BOGOF,31,79,46021e
29687a,STVJD-0,CAMP_SAN_01,P02,860,33% OFF,298,420,29687a
655aa2,STHYD-0,CAMP_DIW_01,P10,65,50% OFF,112,170,655aa2
49e9ea,STHYD-2,CAMP_SAN_01,P04,370,BOGOF,415,1672,49e9ea
0beb9b,STVSK-2,CAMP_SAN_01,P12,62,50% OFF,28,43,0beb9b
29411f,STBLR-6,CAMP_SAN_01,P08,1190,BOGOF,69,303,29411f
8ff2bb,STBLR-2,CAMP_SAN_01,P06,415,25% OFF,40,33,8ff2bb
918a17,STVSK-1,CAMP_DIW_01,P14,1020,BOGOF,26,91,918a17
1e5c85,STBLR-7,CAMP_DIW_01,P01,172,33% OFF,341,606,1e5c85
7d89b1,STVSK-3,CAMP_DIW_01,P08,1190,BOGOF,45,138,7d89b1
5db3e3,STBLR-2,CAMP_DIW_01,P13,350,BOGOF,78,274,5db3e3
35637b,STVSK-4,CAMP_DIW_01,P03,156,25% OFF,301,237,35637b
e788e5,STMYS-0,CAMP_SAN_01,P10,50,25% OFF,30,24,e788e5
5c2d1f,STCBE-2,CAMP_SAN_01,P03,200,BOGOF,304,1340,5c2d1f
e96e9d,STHYD-1,CAMP_DIW_01,P15,3000,500 Cashback,362,959,e96e9d
6a7fa1,STVJD-1,CAMP_SAN_01,P14,1020,BOGOF,61,243,6a7fa1
1274dc,STCBE-4,CAMP_DIW_01,P09,110,50% OFF,54,68,1274dc
fc7056,STBLR-2,CAMP_DIW_01,P08,1190,BOGOF,40,135,fc7056
69a46e,STCHE-2,CAMP_DIW_01,P01,172,33% OFF,320,416,69a46e
a05e82,STMYS-3,CAMP_SAN_01,P13,350,BOGOF,124,527,a05e82
da1969,STVSK-1,CAMP_SAN_01,P03,200,BOGOF,322,1291,da1969
2fc575,STBLR-0,CAMP_DIW_01,P12,62,50% OFF,147,198,2fc575
4ced30,STCHE-3,CAMP_SAN_01,P09,90,25% OFF,60,49,4ced30
a37110,STHYD-0,CAMP_DIW_01,P04,290,25% OFF,367,330,a37110
8829ef,STCBE-0,CAMP_SAN_01,P12,62,50% OFF,39,61,8829ef
aa6972,STMDU-0,CAMP_DIW_01,P12,62,50% OFF,103,131,aa6972
dd8425,STCHE-0,CAMP_SAN_01,P11,190,50% OFF,49,71,dd8425
f8a2a6,STMDU-1,CAMP_SAN_01,P09,90,25% OFF,45,36,f8a2a6
c1c42d,STMLR-1,CAMP_SAN_01,P09,90,25% OFF,28,22,c1c42d
6eede8,STTRV-0,CAMP_SAN_01,P11,190,50% OFF,22,30,6eede8
092c09,STHYD-5,CAMP_DIW_01,P08,1190,BOGOF,43,147,092c09
3f34d5,STCBE-2,CAMP_DIW_01,P09,110,50% OFF,50,80,3f34d5
2b50e0,STBLR-6,CAMP_DIW_01,P15,3000,500 Cashback,390,1318,2b50e0
92151c,STMDU-3,CAMP_SAN_01,P10,50,25% OFF,25,20,92151c
4ad12b,STBLR-4,CAMP_DIW_01,P15,3000,500 Cashback,407,1245,4ad12b
1824c2,STHYD-6,CAMP_SAN_01,P12,62,50% OFF,67,93,1824c2
9b309b,STMYS-0,CAMP_SAN_01,P09,90,25% OFF,67,56,9b309b
0dfaac,STCHE-6,CAMP_DIW_01,P02,860,33% OFF,434,629,0dfaac
652101,STBLR-1,CAMP_DIW_01,P07,300,BOGOF,61,189,652101
6ec0eb,STCHE-2,CAMP_DIW_01,P15,3000,500 Cashback,369,1073,6ec0eb
07ee94,STCHE-4,CAMP_DIW_01,P03,156,25% OFF,369,332,07ee94
4a34a6,STVSK-4,CAMP_SAN_01,P09,90,25% OFF,34,25,4a34a6
8ea7e8,STVJD-1,CAMP_SAN_01,P09,90,25% OFF,37,26,8ea7e8
6ee8ab,STVSK-0,CAMP_SAN_01,P06,415,25% OFF,16,13,6ee8ab
0d70f7,STVSK-2,CAMP_DIW_01,P01,172,33% OFF,210,367,0d70f7
deea3e,STMLR-1,CAMP_SAN_01,P14,1020,BOGOF,51,198,deea3e
699bac,STCHE-7,CAMP_SAN_01,P07,300,BOGOF,42,183,699bac
cc4a67,STTRV-0,CAMP_DIW_01,P03,156,25% OFF,187,181,cc4a67
b456c0,STBLR-3,CAMP_DIW_01,P06,415,25% OFF,91,72,b456c0
d2dc77,STMLR-0,CAMP_DIW_01,P13,350,BOGOF,40,119,d2dc77
f78e86,STCHE-3,CAMP_DIW_01,P06,415,25% OFF,77,67,f78e86
9d1009,STHYD-0,CAMP_DIW_01,P06,415,25% OFF,78,68,9d1009
0179b3,STMLR-2,CAMP_SAN_01,P05,55,25% OFF,15,12,0179b3
933cae,STCHE-3,CAMP_SAN_01,P06,415,25% OFF,28,23,933cae
7704c2,STBLR-7,CAMP_SAN_01,P04,370,BOGOF,382,1638,7704c2
b55027,STCHE-6,CAMP_SAN_01,P10,50,25% OFF,31,22,b55027
0842b9,STCBE-1,CAMP_DIW_01,P04,290,25% OFF,227,172,0842b9
1142fd,STVSK-3,CAMP_DIW_01,P05,55,25% OFF,71,63,1142fd
35e1c7,STBLR-1,CAMP_DIW_01,P14,1020,BOGOF,54,169,35e1c7
80255e,STMDU-0,CAMP_DIW_01,P05,55,25% OFF,57,50,80255e
37cb87,STBLR-1,CAMP_SAN_01,P07,300,BOGOF,46,115,37cb87
fd5855,STVSK-4,CAMP_SAN_01,P08,1190,BOGOF,25,64,fd5855
0f714a,STVJD-1,CAMP_SAN_01,P06,415,25% OFF,16,11,0f714a
4ab3c2,STVSK-1,CAMP_DIW_01,P09,110,50% OFF,64,81,4ab3c2
57d06d,STCBE-1,CAMP_SAN_01,P09,90,25% OFF,54,39,57d06d
ad783e,STCHE-4,CAMP_SAN_01,P10,50,25% OFF,30,25,ad783e
cf616b,STMYS-2,CAMP_DIW_01,P09,110,50% OFF,64,84,cf616b
e5e0dc,STHYD-0,CAMP_SAN_01,P07,300,BOGOF,52,204,e5e0dc
30bacd,STBLR-3,CAMP_DIW_01,P14,1020,BOGOF,42,143,30bacd
68e849,STMLR-2,CAMP_DIW_01,P06,415,25% OFF,40,34,68e849
c3b647,STCHE-5,CAMP_SAN_01,P08,1190,BOGOF,64,256,c3b647
5dfa52,STVSK-2,CAMP_DIW_01,P04,290,25% OFF,244,217,5dfa52
9d63a7,STHYD-6,CAMP_SAN_01,P08,1190,BOGOF,43,166,9d63a7
9fae1c,STHYD-2,CAMP_DIW_01,P15,3000,500 Cashback,400,1176,9fae1c
ae288b,STMYS-0,CAMP_DIW_01,P11,190,50% OFF,89,113,ae288b
f940cf,STHYD-6,CAMP_DIW_01,P13,350,BOGOF,77,260,f940cf
7cf0d8,STMDU-0,CAMP_SAN_01,P14,1020,BOGOF,79,349,7cf0d8
a7c40d,STMLR-1,CAMP_DIW_01,P09,110,50% OFF,38,50,a7c40d
d4ccb5,STCBE-1,CAMP_DIW_01,P05,55,25% OFF,61,50,d4ccb5
9953ec,STTRV-0,CAMP_SAN_01,P04,370,BOGOF,187,733,9953ec
fc9ab7,STCBE-1,CAMP_DIW_01,P08,1190,BOGOF,40,140,fc9ab7
f32df2,STHYD-6,CAMP_DIW_01,P04,290,25% OFF,390,339,f32df2
cf6323,STTRV-0,CAMP_DIW_01,P15,3000,500 Cashback,190,547,cf6323
5372de,STCBE-3,CAMP_SAN_01,P10,50,25% OFF,28,22,5372de
24054f,STBLR-4,CAMP_DIW_01,P09,110,50% OFF,89,116,24054f
4f75fe,STMYS-2,CAMP_DIW_01,P08,1190,BOGOF,42,123,4f75fe
21a8a0,STBLR-4,CAMP_SAN_01,P01,172,33% OFF,286,394,21a8a0
800f42,STMDU-3,CAMP_SAN_01,P03,200,BOGOF,273,1097,800f42
cdb883,STMDU-0,CAMP_SAN_01,P12,62,50% OFF,46,66,cdb883
9c2777,STCHE-6,CAMP_SAN_01,P02,860,33% OFF,463,629,9c2777
a6cb9e,STVSK-2,CAMP_SAN_01,P05,55,25% OFF,15,12,a6cb9e
f23d14,STHYD-1,CAMP_SAN_01,P05,55,25% OFF,25,21,f23d14
ee68d9,STCHE-1,CAMP_SAN_01,P15,3000,500 Cashback,136,242,ee68d9
5e1671,STCHE-2,CAMP_SAN_01,P10,50,25% OFF,34,30,5e1671
e411c6,STHYD-4,CAMP_DIW_01,P15,3000,500 Cashback,323,965,e411c6
9ff4a9,STMDU-1,CAMP_DIW_01,P10,65,50% OFF,94,120,9ff4a9
49706e,STMDU-3,CAMP_SAN_01,P15,3000,500 Cashback,120,274,49706e
7e28fb,STHYD-4,CAMP_DIW_01,P06,415,25% OFF,96,92,7e28fb
e4f1f3,STCBE-3,CAMP_SAN_01,P11,190,50% OFF,33,50,e4f1f3
af2b25,STBLR-7,CAMP_DIW_01,P13,350,BOGOF,85,338,af2b25
fe4bf5,STCHE-4,CAMP_DIW_01,P06,415,25% OFF,91,80,fe4bf5
d91475,STMYS-0,CAMP_DIW_01,P07,300,BOGOF,61,189,d91475
09d857,STHYD-5,CAMP_DIW_01,P02,860,33% OFF,386,594,09d857
aa96fc,STCHE-4,CAMP_SAN_01,P04,370,BOGOF,379,1603,aa96fc
2c893f,STCHE-3,CAMP_DIW_01,P12,62,50% OFF,103,129,2c893f
bac74e,STBLR-9,CAMP_SAN_01,P01,172,33% OFF,319,449,bac74e
31c430,STHYD-1,CAMP_SAN_01,P01,172,33% OFF,312,393,31c430
432f1d,STBLR-4,CAMP_SAN_01,P05,55,25% OFF,19,15,432f1d
6edb42,STBLR-8,CAMP_SAN_01,P10,50,25% OFF,36,26,6edb42
115760,STMDU-2,CAMP_DIW_01,P07,300,BOGOF,43,147,115760
acf9c2,STCHE-4,CAMP_SAN_01,P01,172,33% OFF,235,329,acf9c2
0c9f61,STBLR-7,CAMP_SAN_01,P03,200,BOGOF,433,1883,0c9f61
40baa1,STCBE-0,CAMP_SAN_01,P08,1190,BOGOF,42,167,40baa1
ba7fb5,STCHE-0,CAMP_DIW_01,P05,55,25% OFF,119,107,ba7fb5
555fcd,STVSK-3,CAMP_DIW_01,P13,350,BOGOF,57,178,555fcd
c649ca,STMYS-1,CAMP_SAN_01,P02,860,33% OFF,595,886,c649ca
578a67,STBLR-2,CAMP_DIW_01,P11,190,50% OFF,101,131,578a67
35701b,STVJD-0,CAMP_DIW_01,P04,290,25% OFF,192,188,35701b
77c2be,STBLR-8,CAMP_DIW_01,P06,415,25% OFF,78,62,77c2be
8cd89f,STHYD-0,CAMP_SAN_01,P03,200,BOGOF,363,1408,8cd89f
21006,STVSK-2,CAMP_SAN_01,P03,200,BOGOF,192,754,21006
1c3fb4,STMLR-1,CAMP_SAN_01,P02,860,33% OFF,237,327,1c3fb4
0e96b4,STCBE-4,CAMP_SAN_01,P14,1020,BOGOF,93,234,0e96b4
3ea7d6,STMYS-0,CAMP_SAN_01,P15,3000,500 Cashback,105,173,3ea7d6
fb508c,STBLR-9,CAMP_DIW_01,P15,3000,500 Cashback,358,1070,fb508c
d671d3,STVSK-1,CAMP_DIW_01,P12,62,50% OFF,91,113,d671d3
365da3,STCBE-1,CAMP_SAN_01,P06,415,25% OFF,21,15,365da3
33da9a,STHYD-5,CAMP_DIW_01,P14,1020,BOGOF,54,183,33da9a
e391bc,STHYD-0,CAMP_DIW_01,P09,110,50% OFF,77,113,e391bc
cd4812,STMDU-3,CAMP_DIW_01,P07,300,BOGOF,47,162,cd4812
c4123e,STCHE-7,CAMP_DIW_01,P02,860,33% OFF,336,507,c4123e
933f7e,STCHE-7,CAMP_DIW_01,P07,300,BOGOF,71,282,933f7e
7c8fd1,STMYS-3,CAMP_DIW_01,P15,3000,500 Cashback,416,1472,7c8fd1
4cd232,STVJD-0,CAMP_DIW_01,P14,1020,BOGOF,28,92,4cd232
65a802,STMLR-1,CAMP_SAN_01,P05,55,25% OFF,13,10,65a802
ffdcb8,STHYD-6,CAMP_SAN_01,P02,860,33% OFF,454,644,ffdcb8
496b80,STHYD-4,CAMP_SAN_01,P15,3000,500 Cashback,118,253,496b80
4001c4,STBLR-6,CAMP_SAN_01,P04,370,BOGOF,402,1652,4001c4
84dbe3,STHYD-1,CAMP_SAN_01,P07,300,BOGOF,51,140,84dbe3
45c35a,STHYD-5,CAMP_SAN_01,P11,190,50% OFF,54,76,45c35a
6d343d,STHYD-6,CAMP_DIW_01,P12,62,50% OFF,133,167,6d343d
a672df,STMDU-1,CAMP_SAN_01,P12,62,50% OFF,36,49,a672df
ba0b3e,STBLR-7,CAMP_SAN_01,P07,300,BOGOF,40,165,ba0b3e
5.23E+42,STCHE-5,CAMP_DIW_01,P15,3000,500 Cashback,388,1187,5.23E+42
faeeb8,STHYD-2,CAMP_DIW_01,P09,110,50% OFF,80,107,faeeb8
3adeb2,STMYS-0,CAMP_SAN_01,P14,1020,BOGOF,84,219,3adeb2
a40872,STBLR-7,CAMP_DIW_01,P14,1020,BOGOF,47,189,a40872
35e3ec,STMDU-1,CAMP_SAN_01,P07,300,BOGOF,40,154,35e3ec
8a7e7e,STMYS-0,CAMP_SAN_01,P03,200,BOGOF,333,869,8a7e7e
b4867e,STCHE-6,CAMP_SAN_01,P11,190,50% OFF,57,79,b4867e
cea0e2,STCHE-2,CAMP_DIW_01,P11,190,50% OFF,73,84,cea0e2
a6a18f,STHYD-6,CAMP_SAN_01,P06,415,25% OFF,34,27,a6a18f
1fcfc6,STVSK-0,CAMP_SAN_01,P11,190,50% OFF,31,46,1fcfc6
5dda21,STCBE-0,CAMP_SAN_01,P14,1020,BOGOF,69,274,5dda21
b5cd07,STVSK-3,CAMP_SAN_01,P01,172,33% OFF,222,275,b5cd07
1a1edd,STBLR-7,CAMP_DIW_01,P03,156,25% OFF,343,301,1a1edd
f682ec,STBLR-0,CAMP_SAN_01,P01,172,33% OFF,273,382,f682ec
693708,STBLR-3,CAMP_SAN_01,P03,200,BOGOF,454,1788,693708
349c73,STCHE-2,CAMP_DIW_01,P14,1020,BOGOF,57,189,349c73
50802a,STCHE-3,CAMP_DIW_01,P07,300,BOGOF,64,257,50802a
e4b7e4,STHYD-6,CAMP_DIW_01,P09,110,50% OFF,78,102,e4b7e4
5bfb5e,STCBE-4,CAMP_DIW_01,P10,65,50% OFF,57,72,5bfb5e
6af3e0,STBLR-6,CAMP_SAN_01,P14,1020,BOGOF,103,444,6af3e0
6b74c8,STBLR-5,CAMP_DIW_01,P15,3000,500 Cashback,379,1095,6b74c8
ec9948,STCBE-2,CAMP_DIW_01,P05,55,25% OFF,99,86,ec9948
c24879,STCBE-1,CAMP_SAN_01,P04,370,BOGOF,370,1439,c24879
3c0536,STBLR-4,CAMP_SAN_01,P03,200,BOGOF,415,1622,3c0536
19bc3b,STMDU-1,CAMP_DIW_01,P09,110,50% OFF,47,62,19bc3b
691b63,STCHE-6,CAMP_DIW_01,P15,3000,500 Cashback,432,1291,691b63
3ace0f,STVSK-2,CAMP_DIW_01,P09,110,50% OFF,64,98,3ace0f
8cee6d,STCBE-3,CAMP_DIW_01,P14,1020,BOGOF,22,73,8cee6d
1f03e5,STVJD-0,CAMP_DIW_01,P13,350,BOGOF,45,157,1f03e5
d3227b,STMYS-2,CAMP_DIW_01,P04,290,25% OFF,343,312,d3227b
731f58,STMYS-0,CAMP_SAN_01,P05,55,25% OFF,28,22,731f58
98e55f,STBLR-4,CAMP_DIW_01,P06,415,25% OFF,101,90,98e55f
dee3e9,STCBE-0,CAMP_SAN_01,P03,200,BOGOF,384,1509,dee3e9
3.59E+89,STBLR-3,CAMP_SAN_01,P06,415,25% OFF,22,16,3.59E+89
4c1375,STHYD-4,CAMP_DIW_01,P10,65,50% OFF,148,196,4c1375
480431,STVSK-2,CAMP_SAN_01,P04,370,BOGOF,408,1607,480431
6d153f,STHYD-5,CAMP_SAN_01,P15,3000,500 Cashback,122,272,6d153f
508621,STCBE-2,CAMP_SAN_01,P02,860,33% OFF,508,751,508621
1fc58f,STMDU-1,CAMP_SAN_01,P01,172,33% OFF,244,334,1fc58f
a25cbf,STCHE-2,CAMP_DIW_01,P04,290,25% OFF,295,289,a25cbf
adf52a,STBLR-6,CAMP_DIW_01,P14,1020,BOGOF,47,179,adf52a
c9899d,STTRV-1,CAMP_DIW_01,P02,860,33% OFF,199,300,c9899d
17195,STCHE-4,CAMP_SAN_01,P11,190,50% OFF,45,64,17195
e875c6,STCBE-2,CAMP_DIW_01,P03,156,25% OFF,225,195,e875c6
69557f,STBLR-1,CAMP_DIW_01,P10,65,50% OFF,106,137,69557f
65f85a,STBLR-7,CAMP_SAN_01,P12,62,50% OFF,58,92,65f85a
f45be0,STCHE-2,CAMP_SAN_01,P05,55,25% OFF,25,23,f45be0
491ff2,STVJD-1,CAMP_SAN_01,P12,62,50% OFF,30,42,491ff2
b7286f,STBLR-5,CAMP_SAN_01,P02,860,33% OFF,507,704,b7286f
45512d,STMYS-3,CAMP_SAN_01,P04,370,BOGOF,336,1434,45512d
edac38,STBLR-1,CAMP_DIW_01,P11,190,50% OFF,70,93,edac38
4572a3,STCHE-1,CAMP_SAN_01,P11,190,50% OFF,48,55,4572a3
896c2a,STTRV-0,CAMP_DIW_01,P04,290,25% OFF,180,171,896c2a
308de6,STMDU-2,CAMP_DIW_01,P01,172,33% OFF,225,279,308de6
4fc1b2,STCHE-2,CAMP_DIW_01,P08,1190,BOGOF,47,165,4fc1b2
a7fecb,STBLR-1,CAMP_SAN_01,P03,200,BOGOF,361,963,a7fecb
8564bb,STVSK-4,CAMP_SAN_01,P04,370,BOGOF,291,762,8564bb
11ea6f,STMDU-2,CAMP_DIW_01,P04,290,25% OFF,271,243,11ea6f
cca40f,STBLR-1,CAMP_SAN_01,P12,62,50% OFF,73,102,cca40f
f97b6d,STMLR-2,CAMP_DIW_01,P07,300,BOGOF,33,115,f97b6d
69a3d2,STTRV-1,CAMP_SAN_01,P08,1190,BOGOF,24,92,69a3d2
bdfb7d,STHYD-4,CAMP_SAN_01,P05,55,25% OFF,16,15,bdfb7d
30f1c0,STVJD-1,CAMP_SAN_01,P07,300,BOGOF,22,88,30f1c0
390df2,STBLR-0,CAMP_SAN_01,P06,415,25% OFF,31,26,390df2
e0844a,STTRV-1,CAMP_DIW_01,P10,65,50% OFF,64,80,e0844a
0a0062,STHYD-4,CAMP_DIW_01,P12,62,50% OFF,110,146,0a0062
886ef2,STMLR-2,CAMP_DIW_01,P08,1190,BOGOF,22,73,886ef2
2ef46d,STMDU-0,CAMP_DIW_01,P02,860,33% OFF,278,430,2ef46d
52d20e,STHYD-1,CAMP_DIW_01,P10,65,50% OFF,134,156,52d20e
785811,STCHE-0,CAMP_SAN_01,P10,50,25% OFF,25,20,785811
3952a0,STHYD-2,CAMP_SAN_01,P13,350,BOGOF,114,441,3952a0
ed2257,STBLR-2,CAMP_DIW_01,P01,172,33% OFF,358,529,ed2257
02c389,STBLR-8,CAMP_DIW_01,P12,62,50% OFF,120,159,02c389
a937e8,STMDU-3,CAMP_SAN_01,P14,1020,BOGOF,87,347,a937e8
aabcfb,STVSK-3,CAMP_SAN_01,P02,860,33% OFF,345,438,aabcfb
5f8870,STMYS-1,CAMP_DIW_01,P13,350,BOGOF,70,270,5f8870
e207f7,STCHE-1,CAMP_DIW_01,P11,190,50% OFF,77,83,e207f7
9154f0,STCHE-4,CAMP_DIW_01,P11,190,50% OFF,91,123,9154f0
e24a3a,STVSK-1,CAMP_DIW_01,P07,300,BOGOF,49,170,e24a3a
8c62ba,STVSK-0,CAMP_DIW_01,P01,172,33% OFF,161,265,8c62ba
835bbe,STHYD-4,CAMP_SAN_01,P09,90,25% OFF,54,49,835bbe
4fe9ba,STVSK-2,CAMP_DIW_01,P07,300,BOGOF,45,150,4fe9ba
e2c5f7,STTRV-0,CAMP_DIW_01,P08,1190,BOGOF,31,102,e2c5f7
8f66c3,STMLR-1,CAMP_SAN_01,P01,172,33% OFF,126,175,8f66c3
9871ea,STVSK-1,CAMP_SAN_01,P10,50,25% OFF,25,18,9871ea
b27f2a,STBLR-6,CAMP_SAN_01,P10,50,25% OFF,37,30,b27f2a
e88818,STCHE-7,CAMP_DIW_01,P06,415,25% OFF,82,79,e88818
eae379,STVJD-0,CAMP_DIW_01,P01,172,33% OFF,161,231,eae379
8937eb,STCHE-1,CAMP_DIW_01,P03,156,25% OFF,357,317,8937eb
718bb4,STHYD-2,CAMP_DIW_01,P12,62,50% OFF,129,165,718bb4
6f3721,STMDU-3,CAMP_SAN_01,P13,350,BOGOF,118,464,6f3721
366c89,STMDU-3,CAMP_SAN_01,P06,415,25% OFF,25,20,366c89
a304b6,STHYD-3,CAMP_DIW_01,P03,156,25% OFF,285,222,a304b6
32d8f2,STCHE-5,CAMP_SAN_01,P05,55,25% OFF,31,26,32d8f2
2f0b42,STVSK-1,CAMP_SAN_01,P01,172,33% OFF,213,302,2f0b42
c0929c,STHYD-0,CAMP_SAN_01,P05,55,25% OFF,18,14,c0929c
86196b,STTRV-0,CAMP_SAN_01,P06,415,25% OFF,13,11,86196b
e621c9,STMLR-0,CAMP_SAN_01,P11,190,50% OFF,27,39,e621c9
bb77b1,STMYS-3,CAMP_DIW_01,P14,1020,BOGOF,54,206,bb77b1
811007,STBLR-9,CAMP_SAN_01,P05,55,25% OFF,27,25,811007
c405b3,STCBE-2,CAMP_DIW_01,P04,290,25% OFF,252,221,c405b3
2.36E+34,STMDU-1,CAMP_DIW_01,P11,190,50% OFF,52,65,2.36E+34
1490b8,STMDU-2,CAMP_SAN_01,P04,370,BOGOF,361,1397,1490b8
cc5ed4,STMYS-2,CAMP_DIW_01,P03,156,25% OFF,444,395,cc5ed4
583386,STBLR-9,CAMP_SAN_01,P08,1190,BOGOF,63,254,583386
ebc2d2,STVSK-4,CAMP_DIW_01,P06,415,25% OFF,70,53,ebc2d2
7d3d63,STCHE-1,CAMP_DIW_01,P13,350,BOGOF,68,205,7d3d63
6ebca9,STTRV-0,CAMP_SAN_01,P13,350,BOGOF,60,240,6ebca9
48d526,STCHE-7,CAMP_SAN_01,P15,3000,500 Cashback,115,332,48d526
716abd,STMYS-1,CAMP_SAN_01,P08,1190,BOGOF,54,238,716abd
fa0c0c,STCBE-1,CAMP_DIW_01,P13,350,BOGOF,40,132,fa0c0c
c15780,STVJD-1,CAMP_SAN_01,P04,370,BOGOF,183,708,c15780
e17280,STVSK-2,CAMP_DIW_01,P08,1190,BOGOF,38,129,e17280
388a78,STMDU-0,CAMP_SAN_01,P03,200,BOGOF,307,1277,388a78
e116d8,STVSK-4,CAMP_DIW_01,P12,62,50% OFF,98,133,e116d8
9cf38e,STCBE-3,CAMP_SAN_01,P09,90,25% OFF,40,32,9cf38e
e97ac0,STTRV-0,CAMP_SAN_01,P12,62,50% OFF,22,30,e97ac0
02fe6a,STMLR-1,CAMP_DIW_01,P04,290,25% OFF,152,133,02fe6a
a34aa4,STBLR-5,CAMP_DIW_01,P03,156,25% OFF,369,332,a34aa4
7f1521,STMYS-1,CAMP_SAN_01,P05,55,25% OFF,19,14,7f1521
8d14e2,STBLR-8,CAMP_DIW_01,P05,55,25% OFF,105,82,8d14e2
7a22bc,STBLR-6,CAMP_DIW_01,P01,172,33% OFF,283,492,7a22bc
32c24e,STBLR-8,CAMP_DIW_01,P02,860,33% OFF,392,568,32c24e
966652,STCBE-3,CAMP_DIW_01,P05,55,25% OFF,64,55,966652
acaff0,STHYD-0,CAMP_DIW_01,P12,62,50% OFF,133,195,acaff0
b91c31,STMYS-1,CAMP_DIW_01,P05,55,25% OFF,89,71,b91c31
05e55f,STBLR-0,CAMP_SAN_01,P03,200,BOGOF,415,1759,05e55f
108d5a,STCBE-0,CAMP_DIW_01,P14,1020,BOGOF,29,101,108d5a
160abb,STCBE-3,CAMP_SAN_01,P02,860,33% OFF,336,534,160abb
613571,STTRV-1,CAMP_DIW_01,P15,3000,500 Cashback,168,514,613571
fea4be,STMYS-3,CAMP_SAN_01,P07,300,BOGOF,30,129,fea4be
d33301,STHYD-0,CAMP_DIW_01,P05,55,25% OFF,98,88,d33301
675714,STCBE-3,CAMP_DIW_01,P13,350,BOGOF,61,201,675714
4cefe1,STMYS-1,CAMP_DIW_01,P12,62,50% OFF,127,185,4cefe1
34395c,STBLR-0,CAMP_DIW_01,P15,3000,500 Cashback,434,1514,34395c
90b5b0,STBLR-3,CAMP_SAN_01,P05,55,25% OFF,25,18,90b5b0
6e79d3,STBLR-2,CAMP_SAN_01,P04,370,BOGOF,373,1439,6e79d3
79bfae,STMYS-2,CAMP_DIW_01,P10,65,50% OFF,134,182,79bfae
5202ed,STBLR-4,CAMP_DIW_01,P03,156,25% OFF,306,275,5202ed
e31e72,STHYD-4,CAMP_SAN_01,P10,50,25% OFF,33,31,e31e72
3131b7,STMYS-3,CAMP_SAN_01,P09,90,25% OFF,54,45,3131b7
d134e0,STBLR-3,CAMP_DIW_01,P15,3000,500 Cashback,442,1365,d134e0
605f5e,STVJD-0,CAMP_DIW_01,P06,415,25% OFF,52,50,605f5e
d622c3,STHYD-0,CAMP_SAN_01,P10,50,25% OFF,25,20,d622c3
fc3573,STMYS-2,CAMP_SAN_01,P08,1190,BOGOF,61,163,fc3573
d4b484,STHYD-2,CAMP_DIW_01,P10,65,50% OFF,140,186,d4b484
9c5d5a,STMDU-1,CAMP_DIW_01,P02,860,33% OFF,308,455,9c5d5a
1507,STMDU-3,CAMP_DIW_01,P09,110,50% OFF,57,61,1507
91fec3,STMYS-1,CAMP_DIW_01,P06,415,25% OFF,101,79,91fec3
66c422,STBLR-5,CAMP_DIW_01,P07,300,BOGOF,66,227,66c422
0e888c,STVSK-3,CAMP_DIW_01,P02,860,33% OFF,274,334,0e888c
fe72b2,STHYD-3,CAMP_SAN_01,P13,350,BOGOF,133,337,fe72b2
baecfe,STVJD-0,CAMP_SAN_01,P12,62,50% OFF,31,43,baecfe
261bd6,STCHE-0,CAMP_DIW_01,P02,860,33% OFF,308,452,261bd6
85e08f,STVSK-4,CAMP_DIW_01,P08,1190,BOGOF,50,152,85e08f
73564c,STBLR-5,CAMP_SAN_01,P11,190,50% OFF,43,63,73564c
316f12,STHYD-6,CAMP_SAN_01,P05,55,25% OFF,33,27,316f12
eb3ac8,STHYD-0,CAMP_SAN_01,P06,415,25% OFF,42,34,eb3ac8
930325,STTRV-0,CAMP_SAN_01,P09,90,25% OFF,31,28,930325
292d0a,STMDU-0,CAMP_SAN_01,P01,172,33% OFF,219,304,292d0a
d4fced,STHYD-0,CAMP_SAN_01,P13,350,BOGOF,132,520,d4fced
da3d1d,STVSK-2,CAMP_DIW_01,P06,415,25% OFF,78,69,da3d1d
73f158,STHYD-2,CAMP_SAN_01,P14,1020,BOGOF,118,459,73f158
b8c7c8,STHYD-6,CAMP_SAN_01,P10,50,25% OFF,31,26,b8c7c8
141aea,STCHE-7,CAMP_SAN_01,P14,1020,BOGOF,111,493,141aea
42ba27,STBLR-2,CAMP_DIW_01,P05,55,25% OFF,115,101,42ba27
870b25,STMYS-0,CAMP_SAN_01,P04,370,BOGOF,418,1116,870b25
e3929b,STMYS-0,CAMP_DIW_01,P12,62,50% OFF,98,128,e3929b
6562df,STCBE-1,CAMP_SAN_01,P14,1020,BOGOF,78,310,6562df
fe94ae,STMYS-1,CAMP_SAN_01,P04,370,BOGOF,450,1984,fe94ae
66b7cc,STCHE-3,CAMP_DIW_01,P13,350,BOGOF,82,328,66b7cc
3d7dc9,STCHE-1,CAMP_DIW_01,P10,65,50% OFF,127,133,3d7dc9
5.40E+190,STBLR-0,CAMP_DIW_01,P02,860,33% OFF,362,535,5.4E+190
1d8f76,STMYS-0,CAMP_DIW_01,P01,172,33% OFF,301,433,1d8f76
4e7ca5,STMYS-1,CAMP_DIW_01,P07,300,BOGOF,54,219,4e7ca5
1bb04d,STCBE-3,CAMP_SAN_01,P01,172,33% OFF,240,355,1bb04d
793873,STVSK-2,CAMP_DIW_01,P03,156,25% OFF,248,225,793873
536fbf,STMLR-2,CAMP_DIW_01,P15,3000,500 Cashback,217,659,536fbf
b68b77,STCBE-0,CAMP_SAN_01,P01,172,33% OFF,244,368,b68b77
434698,STVSK-0,CAMP_SAN_01,P12,62,50% OFF,39,63,434698
021d48,STMLR-2,CAMP_SAN_01,P14,1020,BOGOF,61,243,021d48
a386d9,STCHE-2,CAMP_SAN_01,P09,90,25% OFF,54,50,a386d9
b46d32,STMDU-1,CAMP_SAN_01,P04,370,BOGOF,337,1337,b46d32
3af058,STVSK-3,CAMP_DIW_01,P07,300,BOGOF,36,108,3af058
0efde2,STCHE-7,CAMP_SAN_01,P03,200,BOGOF,448,1895,0efde2
80be79,STBLR-4,CAMP_SAN_01,P08,1190,BOGOF,39,156,80be79
879d9a,STBLR-2,CAMP_DIW_01,P15,3000,500 Cashback,318,915,879d9a
742ad5,STBLR-4,CAMP_DIW_01,P02,860,33% OFF,357,549,742ad5
b2270b,STHYD-0,CAMP_DIW_01,P07,300,BOGOF,52,173,b2270b
2e0f86,STMDU-2,CAMP_DIW_01,P12,62,50% OFF,71,80,2e0f86
d85264,STMLR-1,CAMP_SAN_01,P07,300,BOGOF,30,120,d85264
34e00a,STCBE-1,CAMP_DIW_01,P11,190,50% OFF,61,65,34e00a
e918c8,STBLR-4,CAMP_SAN_01,P09,90,25% OFF,66,56,e918c8
05d8e7,STMYS-1,CAMP_SAN_01,P12,62,50% OFF,45,71,05d8e7
a0da88,STMLR-2,CAMP_DIW_01,P03,156,25% OFF,204,175,a0da88
4c7359,STVSK-2,CAMP_SAN_01,P09,90,25% OFF,43,35,4c7359
f30579,STBLR-9,CAMP_DIW_01,P02,860,33% OFF,337,488,f30579
bed4b4,STMLR-1,CAMP_SAN_01,P10,50,25% OFF,13,10,bed4b4
c8035e,STCHE-3,CAMP_SAN_01,P13,350,BOGOF,122,529,c8035e
8819fd,STBLR-2,CAMP_DIW_01,P04,290,25% OFF,350,304,8819fd
6639a5,STMDU-0,CAMP_SAN_01,P07,300,BOGOF,31,130,6639a5
dc23bb,STVSK-0,CAMP_DIW_01,P08,1190,BOGOF,42,145,dc23bb
df4373,STMDU-2,CAMP_SAN_01,P07,300,BOGOF,33,128,df4373
7c09bf,STVSK-4,CAMP_SAN_01,P10,50,25% OFF,21,15,7c09bf
8f512d,STCBE-3,CAMP_SAN_01,P04,370,BOGOF,364,1434,8f512d
eb5927,STMDU-1,CAMP_SAN_01,P06,415,25% OFF,21,17,eb5927
87bb82,STCBE-0,CAMP_SAN_01,P15,3000,500 Cashback,126,275,87bb82
26e506,STCHE-0,CAMP_SAN_01,P09,90,25% OFF,72,59,26e506
fe4a15,STCBE-4,CAMP_SAN_01,P01,172,33% OFF,205,284,fe4a15
30c488,STTRV-0,CAMP_SAN_01,P01,172,33% OFF,132,187,30c488
7641,STBLR-1,CAMP_SAN_01,P14,1020,BOGOF,97,257,7641
dabee8,STBLR-1,CAMP_SAN_01,P05,55,25% OFF,19,17,dabee8
ba86f4,STVSK-1,CAMP_DIW_01,P13,350,BOGOF,61,204,ba86f4
4236be,STTRV-0,CAMP_SAN_01,P14,1020,BOGOF,70,280,4236be
c43947,STHYD-5,CAMP_SAN_01,P06,415,25% OFF,39,35,c43947
a617b5,STHYD-4,CAMP_SAN_01,P14,1020,BOGOF,102,410,a617b5
d04921,STMLR-1,CAMP_DIW_01,P10,65,50% OFF,50,68,d04921
e60b61,STMLR-0,CAMP_SAN_01,P06,415,25% OFF,15,12,e60b61
c9fa13,STHYD-4,CAMP_SAN_01,P04,370,BOGOF,403,1567,c9fa13
7bb8ed,STCHE-2,CAMP_SAN_01,P08,1190,BOGOF,45,175,7bb8ed
20eb36,STCBE-1,CAMP_DIW_01,P10,65,50% OFF,80,92,20eb36
166ffe,STMYS-1,CAMP_SAN_01,P10,50,25% OFF,28,20,166ffe
985960,STCBE-4,CAMP_SAN_01,P06,415,25% OFF,21,17,985960
4dcb0e,STBLR-8,CAMP_SAN_01,P03,200,BOGOF,360,1414,4dcb0e
f304a8,STMYS-1,CAMP_DIW_01,P04,290,25% OFF,204,157,f304a8
9b5299,STBLR-6,CAMP_DIW_01,P04,290,25% OFF,360,320,9b5299
1130ea,STHYD-6,CAMP_DIW_01,P14,1020,BOGOF,45,155,1130ea
0a2689,STBLR-8,CAMP_SAN_01,P12,62,50% OFF,55,77,0a2689
03b653,STCBE-3,CAMP_DIW_01,P02,860,33% OFF,266,446,03b653
46d796,STHYD-6,CAMP_SAN_01,P07,300,BOGOF,51,205,46d796
d62a10,STCHE-7,CAMP_DIW_01,P13,350,BOGOF,63,242,d62a10
380c68,STTRV-1,CAMP_DIW_01,P07,300,BOGOF,29,96,380c68
35418e,STTRV-0,CAMP_DIW_01,P14,1020,BOGOF,21,70,35418e
5f2bb8,STBLR-8,CAMP_SAN_01,P11,190,50% OFF,45,62,5f2bb8
9.90E+87,STHYD-6,CAMP_DIW_01,P05,55,25% OFF,117,104,9.9E+87
c25b15,STHYD-6,CAMP_DIW_01,P07,300,BOGOF,63,218,c25b15
4f560f,STHYD-0,CAMP_SAN_01,P02,860,33% OFF,514,791,4f560f
0a8543,STHYD-4,CAMP_DIW_01,P01,172,33% OFF,304,465,0a8543
3edc10,STVSK-1,CAMP_DIW_01,P03,156,25% OFF,246,194,3edc10
59effd,STBLR-5,CAMP_SAN_01,P14,1020,BOGOF,97,380,59effd
3b4a4f,STBLR-0,CAMP_DIW_01,P04,290,25% OFF,337,296,3b4a4f
0ffbbc,STTRV-1,CAMP_SAN_01,P09,90,25% OFF,30,28,0ffbbc
08086d,STBLR-7,CAMP_DIW_01,P10,65,50% OFF,120,188,08086d
c5ba9b,STMYS-0,CAMP_SAN_01,P01,172,33% OFF,279,401,c5ba9b
d953a5,STBLR-1,CAMP_SAN_01,P01,172,33% OFF,297,418,d953a5
be603f,STHYD-1,CAMP_DIW_01,P09,110,50% OFF,87,92,be603f
a02f06,STMLR-2,CAMP_SAN_01,P04,370,BOGOF,226,881,a02f06
955fa6,STHYD-5,CAMP_DIW_01,P12,62,50% OFF,161,209,955fa6
a42141,STMDU-1,CAMP_SAN_01,P15,3000,500 Cashback,85,195,a42141
e716e7,STBLR-7,CAMP_DIW_01,P09,110,50% OFF,78,117,e716e7
4b515c,STVJD-1,CAMP_SAN_01,P02,860,33% OFF,274,394,4b515c
9a1d69,STMDU-3,CAMP_DIW_01,P01,172,33% OFF,292,373,9a1d69
79d01b,STHYD-1,CAMP_DIW_01,P11,190,50% OFF,61,72,79d01b
8b729b,STMDU-2,CAMP_SAN_01,P02,860,33% OFF,319,379,8b729b
136c14,STHYD-1,CAMP_SAN_01,P03,200,BOGOF,328,833,136c14
94cacb,STCHE-0,CAMP_SAN_01,P12,62,50% OFF,55,79,94cacb
5ce72d,STMLR-2,CAMP_SAN_01,P11,190,50% OFF,24,27,5ce72d
c873b4,STVSK-4,CAMP_DIW_01,P02,860,33% OFF,267,389,c873b4
b9b7dd,STBLR-3,CAMP_DIW_01,P12,62,50% OFF,126,157,b9b7dd
fb2c04,STVSK-0,CAMP_SAN_01,P08,1190,BOGOF,28,108,fb2c04
04f19c,STMYS-0,CAMP_DIW_01,P08,1190,BOGOF,50,146,04f19c
3bcf8b,STCHE-6,CAMP_SAN_01,P14,1020,BOGOF,138,547,3bcf8b
b78a4f,STCBE-3,CAMP_SAN_01,P13,350,BOGOF,99,383,b78a4f
1b1cf1,STBLR-8,CAMP_DIW_01,P09,110,50% OFF,61,77,1b1cf1
dc07e1,STMYS-2,CAMP_SAN_01,P06,415,25% OFF,31,26,dc07e1
b92097,STCBE-4,CAMP_DIW_01,P03,156,25% OFF,257,221,b92097
ffb109,STVSK-2,CAMP_DIW_01,P15,3000,500 Cashback,204,589,ffb109
11578,STHYD-3,CAMP_SAN_01,P14,1020,BOGOF,87,236,11578
a0017b,STCBE-4,CAMP_SAN_01,P05,55,25% OFF,16,12,a0017b
ac0db6,STBLR-8,CAMP_SAN_01,P06,415,25% OFF,22,16,ac0db6
1e8961,STBLR-3,CAMP_SAN_01,P12,62,50% OFF,61,84,1e8961
f957f1,STMDU-1,CAMP_SAN_01,P10,50,25% OFF,22,18,f957f1
a9ae21,STCBE-0,CAMP_DIW_01,P12,62,50% OFF,80,119,a9ae21
e5d28d,STVSK-0,CAMP_SAN_01,P13,350,BOGOF,73,282,e5d28d
4d22d1,STBLR-9,CAMP_SAN_01,P12,62,50% OFF,52,73,4d22d1
